Agilent Technologies Inc	American Airlines Group	0,3
Agilent Technologies Inc	Advance Auto Parts	-0,4
Agilent Technologies Inc	Apple Inc.	0,9
Agilent Technologies Inc	AbbVie Inc.	0,9
Agilent Technologies Inc	AmerisourceBergen Corp	-0,0
Agilent Technologies Inc	Abbott Laboratories	0,8
Agilent Technologies Inc	Accenture plc	0,9
Agilent Technologies Inc	Adobe Systems Inc	0,9
Agilent Technologies Inc	Analog Devices, Inc.	0,9
Agilent Technologies Inc	Archer-Daniels-Midland Co	0,0
Agilent Technologies Inc	Automatic Data Processing	0,9
Agilent Technologies Inc	Alliance Data Systems	-0,4
Agilent Technologies Inc	Autodesk Inc.	1,0
Agilent Technologies Inc	Ameren Corp	0,9
Agilent Technologies Inc	American Electric Power	0,8
Agilent Technologies Inc	AES Corp	-0,1
Agilent Technologies Inc	AFLAC Inc	1,0
Agilent Technologies Inc	Allergan, Plc	-0,7
Agilent Technologies Inc	American International Group, Inc.	0,0
Agilent Technologies Inc	Apartment Investment & Management	0,6
Agilent Technologies Inc	Assurant Inc.	0,8
Agilent Technologies Inc	Arthur J. Gallagher & Co.	0,9
Agilent Technologies Inc	Akamai Technologies Inc	0,2
Agilent Technologies Inc	Albemarle Corp	0,9
Agilent Technologies Inc	Align Technology	0,9
Agilent Technologies Inc	Alaska Air Group Inc	0,2
Agilent Technologies Inc	Allstate Corp	0,9
Agilent Technologies Inc	Allegion	0,9
Agilent Technologies Inc	Alexion Pharmaceuticals	-0,7
Agilent Technologies Inc	Applied Materials Inc.	0,9
Agilent Technologies Inc	Advanced Micro Devices Inc	0,8
Agilent Technologies Inc	AMETEK Inc.	0,9
Agilent Technologies Inc	Affiliated Managers Group Inc	-0,3
Agilent Technologies Inc	Amgen Inc.	0,8
Agilent Technologies Inc	Ameriprise Financial	0,7
Agilent Technologies Inc	American Tower Corp A	0,9
Agilent Technologies Inc	Amazon.com Inc.	0,9
Agilent Technologies Inc	ANSYS	0,9
Agilent Technologies Inc	Anthem Inc.	0,9
Agilent Technologies Inc	Aon plc	1,0
Agilent Technologies Inc	A.O. Smith Corp	0,9
Agilent Technologies Inc	Apache Corporation	-0,6
Agilent Technologies Inc	Anadarko Petroleum Corp	-0,4
Agilent Technologies Inc	Air Products & Chemicals Inc	0,9
Agilent Technologies Inc	Amphenol Corp	1,0
Agilent Technologies Inc	Aptiv Plc	0,8
Agilent Technologies Inc	Alexandria Real Estate Equities Inc	0,9
Agilent Technologies Inc	Arconic Inc.	-0,3
Agilent Technologies Inc	Activision Blizzard	0,9
Agilent Technologies Inc	AvalonBay Communities, Inc.	0,4
Agilent Technologies Inc	Broadcom	0,9
Agilent Technologies Inc	Avery Dennison Corp	0,9
Agilent Technologies Inc	American Water Works Company Inc	0,8
Agilent Technologies Inc	American Express Co	0,6
Agilent Technologies Inc	Acuity Brands Inc	-0,3
Agilent Technologies Inc	AutoZone Inc	0,1
Agilent Technologies Inc	Boeing Company	0,9
Agilent Technologies Inc	Bank of America Corp	0,9
Agilent Technologies Inc	Baxter International Inc.	1,0
Agilent Technologies Inc	BB&T Corporation	0,9
Agilent Technologies Inc	Best Buy Co. Inc.	0,9
Agilent Technologies Inc	Becton Dickinson	0,9
Agilent Technologies Inc	Franklin Resources	-0,5
Agilent Technologies Inc	Baker Hughes, a GE Company	-0,8
Agilent Technologies Inc	Biogen Inc.	-0,1
Agilent Technologies Inc	The Bank of New York Mellon Corp.	0,9
Agilent Technologies Inc	Booking Holdings Inc	0,9
Agilent Technologies Inc	BlackRock	0,9
Agilent Technologies Inc	Ball Corp	0,8
Agilent Technologies Inc	Bristol-Myers Squibb	-0,1
Agilent Technologies Inc	Boston Scientific	0,9
Agilent Technologies Inc	Bitcoin	0,9
Agilent Technologies Inc	BorgWarner	-0,1
Agilent Technologies Inc	Boston Properties	-0,0
Agilent Technologies Inc	Citigroup Inc.	0,9
Agilent Technologies Inc	Conagra Brands	0,5
Agilent Technologies Inc	Cardinal Health Inc.	-0,7
Agilent Technologies Inc	Caterpillar Inc.	0,9
Agilent Technologies Inc	Chubb Limited	0,8
Agilent Technologies Inc	Cboe Global Markets	0,9
Agilent Technologies Inc	CBRE Group	0,8
Agilent Technologies Inc	CBS Corp.	0,1
Agilent Technologies Inc	Crown Castle International Corp.	0,9
Agilent Technologies Inc	Carnival Corp.	0,9
Agilent Technologies Inc	Cadence Design Systems	1,0
Agilent Technologies Inc	Celgene Corp.	-0,1
Agilent Technologies Inc	Cerner	0,3
Agilent Technologies Inc	CF Industries Holdings Inc	-0,3
Agilent Technologies Inc	Citizens Financial Group	0,9
Agilent Technologies Inc	Church & Dwight	0,7
Agilent Technologies Inc	C. H. Robinson Worldwide	0,8
Agilent Technologies Inc	Charter Communications	0,9
Agilent Technologies Inc	CIGNA Corp.	0,8
Agilent Technologies Inc	Cincinnati Financial	0,8
Agilent Technologies Inc	Colgate-Palmolive	0,3
Agilent Technologies Inc	The Clorox Company	0,7
Agilent Technologies Inc	Comerica Inc.	0,9
Agilent Technologies Inc	Comcast Corp.	0,8
Agilent Technologies Inc	CME Group Inc.	0,9
Agilent Technologies Inc	Chipotle Mexican Grill	-0,7
Agilent Technologies Inc	Cummins Inc.	0,6
Agilent Technologies Inc	CMS Energy	0,8
Agilent Technologies Inc	Centene Corporation	0,9
Agilent Technologies Inc	CenterPoint Energy	0,8
Agilent Technologies Inc	Capital One Financial	0,7
Agilent Technologies Inc	Cabot Oil & Gas	-0,3
Agilent Technologies Inc	The Cooper Companies	0,9
Agilent Technologies Inc	ConocoPhillips	0,0
Agilent Technologies Inc	Costco Wholesale Corp.	0,8
Agilent Technologies Inc	Coty, Inc	-0,6
Agilent Technologies Inc	Campbell Soup	-0,3
Agilent Technologies Inc	Salesforce.com	0,9
Agilent Technologies Inc	Cisco Systems	0,9
Agilent Technologies Inc	CSX Corp.	0,9
Agilent Technologies Inc	Cintas Corporation	0,9
Agilent Technologies Inc	CenturyLink Inc	-0,8
Agilent Technologies Inc	Cognizant Technology Solutions	0,8
Agilent Technologies Inc	Citrix Systems	0,9
Agilent Technologies Inc	Chevron Corp.	0,5
Agilent Technologies Inc	Concho Resources	0,6
Agilent Technologies Inc	Dominion Energy	0,3
Agilent Technologies Inc	Delta Air Lines Inc.	0,7
Agilent Technologies Inc	Deere & Co.	1,0
Agilent Technologies Inc	Discover Financial Services	0,8
Agilent Technologies Inc	Dollar General	0,7
Agilent Technologies Inc	D. R. Horton	0,9
Agilent Technologies Inc	Danaher Corp.	0,9
Agilent Technologies Inc	The Walt Disney Company	0,4
Agilent Technologies Inc	Discovery Inc. Class A	-0,6
Agilent Technologies Inc	Discovery Inc. Class C	-0,6
Agilent Technologies Inc	Dish Network	-0,7
Agilent Technologies Inc	Digital Realty Trust Inc	0,8
Agilent Technologies Inc	Dollar Tree	0,7
Agilent Technologies Inc	Dover Corp.	0,8
Agilent Technologies Inc	Duke Realty Corp	0,8
Agilent Technologies Inc	Darden Restaurants	0,9
Agilent Technologies Inc	DTE Energy Co.	0,9
Agilent Technologies Inc	Duke Energy	0,6
Agilent Technologies Inc	DaVita Inc.	-0,4
Agilent Technologies Inc	Devon Energy Corp.	-0,5
Agilent Technologies Inc	DowDuPont	0,9
Agilent Technologies Inc	DXC Technology	1,0
Agilent Technologies Inc	Electronic Arts	0,8
Agilent Technologies Inc	eBay Inc.	0,9
Agilent Technologies Inc	Ecolab Inc.	0,9
Agilent Technologies Inc	Consolidated Edison	0,8
Agilent Technologies Inc	Equifax Inc.	0,5
Agilent Technologies Inc	Edison Int'l	0,4
Agilent Technologies Inc	Estee Lauder Cos.	0,9
Agilent Technologies Inc	Eastman Chemical	0,7
Agilent Technologies Inc	Emerson Electric Company	0,6
Agilent Technologies Inc	EOG Resources	0,6
Agilent Technologies Inc	Equinix	0,8
Agilent Technologies Inc	Equity Residential	-0,4
Agilent Technologies Inc	EQT Corporation	-0,7
Agilent Technologies Inc	Eversource Energy	0,8
Agilent Technologies Inc	Essex Property Trust, Inc.	0,7
Agilent Technologies Inc	E*Trade	0,9
Agilent Technologies Inc	Ethereum	0,8
Agilent Technologies Inc	Eaton Corporation	0,7
Agilent Technologies Inc	Entergy Corp.	0,5
Agilent Technologies Inc	Edwards Lifesciences	0,8
Agilent Technologies Inc	Exelon Corp.	0,8
Agilent Technologies Inc	Expeditors International	0,9
Agilent Technologies Inc	Expedia Inc.	0,6
Agilent Technologies Inc	Extra Space Storage	0,6
Agilent Technologies Inc	Ford Motor	-0,8
Agilent Technologies Inc	Fastenal Co	0,7
Agilent Technologies Inc	Facebook, Inc.	0,9
Agilent Technologies Inc	Fortune Brands Home & Security	0,6
Agilent Technologies Inc	Freeport-McMoRan Inc.	-0,2
Agilent Technologies Inc	FedEx Corporation	0,9
Agilent Technologies Inc	FirstEnergy Corp	0,0
Agilent Technologies Inc	F5 Networks	0,7
Agilent Technologies Inc	Fidelity National Information Services	0,9
Agilent Technologies Inc	Fiserv Inc	0,9
Agilent Technologies Inc	Fifth Third Bancorp	0,9
Agilent Technologies Inc	Foot Locker Inc	-0,5
Agilent Technologies Inc	FLIR Systems	0,9
Agilent Technologies Inc	Fluor Corp.	-0,4
Agilent Technologies Inc	Flowserve Corporation	-0,4
Agilent Technologies Inc	FMC Corporation	0,8
Agilent Technologies Inc	Twenty-First Century Fox Class B	0,5
Agilent Technologies Inc	Twenty-First Century Fox Class A	0,5
Agilent Technologies Inc	Federal Realty Investment Trust	-0,4
Agilent Technologies Inc	TechnipFMC	-0,5
Agilent Technologies Inc	Fortive Corp	0,9
Agilent Technologies Inc	General Dynamics	0,9
Agilent Technologies Inc	General Electric	-0,7
Agilent Technologies Inc	Gilead Sciences	-0,6
Agilent Technologies Inc	General Mills	-0,4
Agilent Technologies Inc	Corning Inc.	0,9
Agilent Technologies Inc	General Motors	0,6
Agilent Technologies Inc	Alphabet Inc Class C	0,9
Agilent Technologies Inc	Alphabet Inc Class A	0,9
Agilent Technologies Inc	Genuine Parts	0,3
Agilent Technologies Inc	Global Payments Inc.	0,9
Agilent Technologies Inc	Gap Inc.	-0,3
Agilent Technologies Inc	Garmin Ltd.	0,7
Agilent Technologies Inc	Goldman Sachs Group	0,8
Agilent Technologies Inc	Goodyear Tire & Rubber	-0,0
Agilent Technologies Inc	Grainger (W.W.) Inc.	0,3
Agilent Technologies Inc	Halliburton Co.	-0,1
Agilent Technologies Inc	Hasbro Inc.	0,7
Agilent Technologies Inc	Huntington Bancshares	0,9
Agilent Technologies Inc	Hanesbrands Inc	-0,6
Agilent Technologies Inc	HCA Holdings	0,7
Agilent Technologies Inc	HCP Inc.	-0,8
Agilent Technologies Inc	Home Depot	0,9
Agilent Technologies Inc	Hess Corporation	-0,4
Agilent Technologies Inc	Hartford Financial Svc.Gp.	0,8
Agilent Technologies Inc	Huntington Ingalls Industries	0,9
Agilent Technologies Inc	Hilton Worldwide Holdings Inc	0,9
Agilent Technologies Inc	Harley-Davidson	-0,6
Agilent Technologies Inc	Hologic	0,6
Agilent Technologies Inc	Honeywell Int'l Inc.	1,0
Agilent Technologies Inc	Helmerich & Payne	-0,3
Agilent Technologies Inc	Hewlett Packard Enterprise	0,9
Agilent Technologies Inc	HP Inc.	0,9
Agilent Technologies Inc	Block H&R	-0,5
Agilent Technologies Inc	Hormel Foods Corp.	0,4
Agilent Technologies Inc	Harris Corporation	1,0
Agilent Technologies Inc	Henry Schein	0,4
Agilent Technologies Inc	Host Hotels & Resorts	0,1
Agilent Technologies Inc	The Hershey Company	0,5
Agilent Technologies Inc	Humana Inc.	0,9
Agilent Technologies Inc	International Business Machines	-0,4
Agilent Technologies Inc	Intercontinental Exchange	0,9
Agilent Technologies Inc	IDEXX Laboratories	0,9
Agilent Technologies Inc	Intl Flavors & Fragrances	0,8
Agilent Technologies Inc	Illumina Inc	0,7
Agilent Technologies Inc	Incyte	0,1
Agilent Technologies Inc	IHS Markit Ltd.	0,9
Agilent Technologies Inc	Intel Corp.	0,8
Agilent Technologies Inc	Intuit Inc.	0,9
Agilent Technologies Inc	International Paper	0,6
Agilent Technologies Inc	Interpublic Group	0,4
Agilent Technologies Inc	IPG Photonics Corp.	0,9
Agilent Technologies Inc	IQVIA Holdings Inc.	0,9
Agilent Technologies Inc	Ingersoll-Rand PLC	0,9
Agilent Technologies Inc	Iron Mountain Incorporated	0,4
Agilent Technologies Inc	Intuitive Surgical Inc.	0,9
Agilent Technologies Inc	Gartner Inc	0,9
Agilent Technologies Inc	Illinois Tool Works	0,9
Agilent Technologies Inc	Invesco Ltd.	-0,4
Agilent Technologies Inc	J. B. Hunt Transport Services	0,9
Agilent Technologies Inc	Johnson Controls International	-0,5
Agilent Technologies Inc	Jacobs Engineering Group	0,7
Agilent Technologies Inc	Johnson & Johnson	0,9
Agilent Technologies Inc	Juniper Networks	0,4
Agilent Technologies Inc	JPMorgan Chase & Co.	1,0
Agilent Technologies Inc	Nordstrom	-0,5
Agilent Technologies Inc	Kellogg Co.	-0,1
Agilent Technologies Inc	KeyCorp	0,9
Agilent Technologies Inc	Kraft Heinz Co	-0,4
Agilent Technologies Inc	Kimco Realty	-0,8
Agilent Technologies Inc	KLA-Tencor Corp.	0,9
Agilent Technologies Inc	Kimberly-Clark	0,0
Agilent Technologies Inc	Kinder Morgan	-0,6
Agilent Technologies Inc	Carmax Inc	0,6
Agilent Technologies Inc	Coca-Cola Company (The)	0,7
Agilent Technologies Inc	Kroger Co.	-0,4
Agilent Technologies Inc	Kohl's Corp.	0,2
Agilent Technologies Inc	Kansas City Southern	0,3
Agilent Technologies Inc	Loews Corp.	0,9
Agilent Technologies Inc	L Brands Inc.	-0,8
Agilent Technologies Inc	Leggett & Platt	0,2
Agilent Technologies Inc	Lennar Corp.	0,6
Agilent Technologies Inc	Laboratory Corp. of America Holding	0,9
Agilent Technologies Inc	LKQ Corporation	0,6
Agilent Technologies Inc	L-3 Communications Holdings	1,0
Agilent Technologies Inc	Lilly (Eli) & Co.	0,6
Agilent Technologies Inc	Lockheed Martin Corp.	0,9
Agilent Technologies Inc	Lincoln National	0,8
Agilent Technologies Inc	Alliant Energy Corp	0,9
Agilent Technologies Inc	Lowe's Cos.	0,8
Agilent Technologies Inc	Lam Research	0,9
Agilent Technologies Inc	Southwest Airlines	0,8
Agilent Technologies Inc	LyondellBasell	0,5
Agilent Technologies Inc	Macy's Inc.	-0,7
Agilent Technologies Inc	Mastercard Inc.	0,9
Agilent Technologies Inc	Mid-America Apartments	0,6
Agilent Technologies Inc	Macerich	-0,7
Agilent Technologies Inc	Marriott Int'l.	0,9
Agilent Technologies Inc	Masco Corp.	0,8
Agilent Technologies Inc	Mattel Inc.	-0,8
Agilent Technologies Inc	McDonald's Corp.	0,9
Agilent Technologies Inc	Microchip Technology	0,9
Agilent Technologies Inc	McKesson Corp.	-0,7
Agilent Technologies Inc	Moody's Corp	0,9
Agilent Technologies Inc	Mondelez International	0,4
Agilent Technologies Inc	Medtronic plc	0,7
Agilent Technologies Inc	MetLife Inc.	0,3
Agilent Technologies Inc	MGM Resorts International	0,8
Agilent Technologies Inc	Mohawk Industries	0,6
Agilent Technologies Inc	McCormick & Co.	0,8
Agilent Technologies Inc	Martin Marietta Materials	0,7
Agilent Technologies Inc	Marsh & McLennan	0,9
Agilent Technologies Inc	3M Company	0,9
Agilent Technologies Inc	Monster Beverage	0,7
Agilent Technologies Inc	Altria Group Inc	0,5
Agilent Technologies Inc	The Mosaic Company	-0,6
Agilent Technologies Inc	Marathon Petroleum	0,8
Agilent Technologies Inc	Merck & Co.	0,6
Agilent Technologies Inc	Marathon Oil Corp.	-0,4
Agilent Technologies Inc	Morgan Stanley	0,9
Agilent Technologies Inc	Microsoft Corp.	0,9
Agilent Technologies Inc	Motorola Solutions Inc.	0,9
Agilent Technologies Inc	M&T Bank Corp.	0,9
Agilent Technologies Inc	Mettler Toledo	1,0
Agilent Technologies Inc	Micron Technology	0,8
Agilent Technologies Inc	Mylan N.V.	-0,6
Agilent Technologies Inc	Navient	-0,4
Agilent Technologies Inc	Noble Energy Inc	-0,6
Agilent Technologies Inc	Norwegian Cruise Line	0,4
Agilent Technologies Inc	Nasdaq, Inc.	0,8
Agilent Technologies Inc	NextEra Energy	0,9
Agilent Technologies Inc	Newmont Mining Corporation	0,7
Agilent Technologies Inc	Netflix Inc.	0,9
Agilent Technologies Inc	NiSource Inc.	0,8
Agilent Technologies Inc	Nike	0,6
Agilent Technologies Inc	Nektar Therapeutics	0,8
Agilent Technologies Inc	Nielsen Holdings	-0,8
Agilent Technologies Inc	Northrop Grumman Corp.	0,9
Agilent Technologies Inc	National Oilwell Varco Inc.	-0,4
Agilent Technologies Inc	NRG Energy	0,4
Agilent Technologies Inc	Norfolk Southern Corp.	0,9
Agilent Technologies Inc	NetApp	0,8
Agilent Technologies Inc	Northern Trust Corp.	0,9
Agilent Technologies Inc	Nucor Corp.	0,8
Agilent Technologies Inc	Nvidia Corporation	1,0
Agilent Technologies Inc	Newell Brands	-0,4
Agilent Technologies Inc	News Corp. Class B	0,0
Agilent Technologies Inc	News Corp. Class A	-0,1
Agilent Technologies Inc	Realty Income Corporation	0,4
Agilent Technologies Inc	ONEOK	0,5
Agilent Technologies Inc	Omnicom Group	-0,0
Agilent Technologies Inc	Oracle Corp.	0,9
Agilent Technologies Inc	O'Reilly Automotive	0,4
Agilent Technologies Inc	Occidental Petroleum	-0,3
Agilent Technologies Inc	Paychex Inc.	0,9
Agilent Technologies Inc	People's United Financial	0,7
Agilent Technologies Inc	PACCAR Inc.	0,5
Agilent Technologies Inc	PG&E Corp.	-0,1
Agilent Technologies Inc	Public Serv. Enterprise Inc.	0,8
Agilent Technologies Inc	PepsiCo Inc.	0,8
Agilent Technologies Inc	Pfizer Inc.	0,7
Agilent Technologies Inc	Principal Financial Group	0,7
Agilent Technologies Inc	Procter & Gamble	0,4
Agilent Technologies Inc	Progressive Corp.	0,9
Agilent Technologies Inc	Parker-Hannifin	0,9
Agilent Technologies Inc	Pulte Homes Inc.	0,9
Agilent Technologies Inc	Packaging Corporation of America	0,9
Agilent Technologies Inc	PerkinElmer	0,9
Agilent Technologies Inc	Prologis	1,0
Agilent Technologies Inc	Philip Morris International	0,4
Agilent Technologies Inc	PNC Financial Services	0,9
Agilent Technologies Inc	Pentair Ltd.	0,2
Agilent Technologies Inc	Pinnacle West Capital	0,8
Agilent Technologies Inc	PPL Corp.	-0,1
Agilent Technologies Inc	Perrigo	-0,8
Agilent Technologies Inc	Prudential Financial	0,8
Agilent Technologies Inc	Public Storage	0,0
Agilent Technologies Inc	Phillips 66	0,7
Agilent Technologies Inc	PVH Corp.	0,6
Agilent Technologies Inc	Quanta Services Inc.	0,6
Agilent Technologies Inc	Pioneer Natural Resources	0,1
Agilent Technologies Inc	PayPal	0,9
Agilent Technologies Inc	QUALCOMM Inc.	-0,2
Agilent Technologies Inc	Qorvo	0,6
Agilent Technologies Inc	Royal Caribbean Cruises Ltd	0,8
Agilent Technologies Inc	Everest Re Group Ltd.	0,8
Agilent Technologies Inc	Regency Centers Corporation	-0,0
Agilent Technologies Inc	Regeneron	-0,2
Agilent Technologies Inc	Regions Financial Corp.	0,9
Agilent Technologies Inc	Robert Half International	0,5
Agilent Technologies Inc	Red Hat Inc.	0,9
Agilent Technologies Inc	Raymond James Financial Inc.	0,9
Agilent Technologies Inc	Polo Ralph Lauren Corp.	-0,4
Agilent Technologies Inc	ResMed	0,9
Agilent Technologies Inc	Rockwell Automation Inc.	1,0
Agilent Technologies Inc	Roper Technologies	0,9
Agilent Technologies Inc	Ross Stores	0,8
Agilent Technologies Inc	Range Resources Corp.	-0,7
Agilent Technologies Inc	Republic Services Inc	0,9
Agilent Technologies Inc	Raytheon Co.	0,9
Agilent Technologies Inc	SBA Communications	0,9
Agilent Technologies Inc	Starbucks Corp.	0,5
Agilent Technologies Inc	Charles Schwab Corporation	0,9
Agilent Technologies Inc	Sealed Air	0,0
Agilent Technologies Inc	Sherwin-Williams	0,9
Agilent Technologies Inc	SVB Financial	0,9
Agilent Technologies Inc	JM Smucker	0,0
Agilent Technologies Inc	Schlumberger Ltd.	-0,7
Agilent Technologies Inc	SL Green Realty	-0,5
Agilent Technologies Inc	Snap-On Inc.	0,4
Agilent Technologies Inc	Synopsys Inc.	1,0
Agilent Technologies Inc	Southern Co.	0,1
Agilent Technologies Inc	Simon Property Group Inc	-0,4
Agilent Technologies Inc	S&P Global, Inc.	0,9
Agilent Technologies Inc	Stericycle Inc	-0,9
Agilent Technologies Inc	Sempra Energy	0,7
Agilent Technologies Inc	SunTrust Banks	0,9
Agilent Technologies Inc	State Street Corp.	0,8
Agilent Technologies Inc	Seagate Technology	-0,0
Agilent Technologies Inc	Constellation Brands	0,9
Agilent Technologies Inc	Stanley Black & Decker	0,9
Agilent Technologies Inc	Skyworks Solutions	0,6
Agilent Technologies Inc	Synchrony Financial	0,3
Agilent Technologies Inc	Stryker Corp.	0,9
Agilent Technologies Inc	Symantec Corp.	0,4
Agilent Technologies Inc	Sysco Corp.	0,9
Agilent Technologies Inc	AT&T Inc.	-0,1
Agilent Technologies Inc	Molson Coors Brewing Company	-0,1
Agilent Technologies Inc	TransDigm Group	0,8
Agilent Technologies Inc	TE Connectivity Ltd.	0,9
Agilent Technologies Inc	Target Corp.	-0,1
Agilent Technologies Inc	Tiffany & Co.	0,5
Agilent Technologies Inc	TJX Companies Inc.	0,7
Agilent Technologies Inc	Torchmark Corp.	0,9
Agilent Technologies Inc	Thermo Fisher Scientific	0,9
Agilent Technologies Inc	Tapestry, Inc.	0,6
Agilent Technologies Inc	TripAdvisor	-0,8
Agilent Technologies Inc	T. Rowe Price Group	0,7
Agilent Technologies Inc	The Travelers Companies Inc.	0,8
Agilent Technologies Inc	Tractor Supply Company	-0,3
Agilent Technologies Inc	Tyson Foods	0,7
Agilent Technologies Inc	Total System Services	0,9
Agilent Technologies Inc	Take-Two Interactive	1,0
Agilent Technologies Inc	Texas Instruments	0,9
Agilent Technologies Inc	Textron Inc.	0,9
Agilent Technologies Inc	Under Armour Class A	-0,8
Agilent Technologies Inc	United Continental Holdings	0,7
Agilent Technologies Inc	UDR Inc	0,6
Agilent Technologies Inc	Universal Health Services, Inc.	0,1
Agilent Technologies Inc	Ulta Beauty	0,6
Agilent Technologies Inc	United Health Group Inc.	0,9
Agilent Technologies Inc	Unum Group	0,7
Agilent Technologies Inc	Union Pacific	0,8
Agilent Technologies Inc	United Parcel Service	0,7
Agilent Technologies Inc	United Rentals, Inc.	0,8
Agilent Technologies Inc	U.S. Bancorp	0,9
Agilent Technologies Inc	United Technologies	0,7
Agilent Technologies Inc	Visa Inc.	0,9
Agilent Technologies Inc	Varian Medical Systems	1,0
Agilent Technologies Inc	V.F. Corp.	0,4
Agilent Technologies Inc	Viacom Inc.	-0,7
Agilent Technologies Inc	Valero Energy	0,8
Agilent Technologies Inc	Vulcan Materials	0,7
Agilent Technologies Inc	Vornado Realty Trust	-0,4
Agilent Technologies Inc	Verisk Analytics	0,8
Agilent Technologies Inc	Verisign Inc.	0,9
Agilent Technologies Inc	Vertex Pharmaceuticals Inc	0,8
Agilent Technologies Inc	Ventas Inc	-0,5
Agilent Technologies Inc	Verizon Communications	0,3
Agilent Technologies Inc	Waters Corporation	0,9
Agilent Technologies Inc	Walgreens Boots Alliance	-0,2
Agilent Technologies Inc	Western Digital	-0,0
Agilent Technologies Inc	Wec Energy Group Inc	0,8
Agilent Technologies Inc	Welltower Inc.	-0,2
Agilent Technologies Inc	Wells Fargo	0,4
Agilent Technologies Inc	Whirlpool Corp.	-0,2
Agilent Technologies Inc	Willis Towers Watson	0,9
Agilent Technologies Inc	Waste Management Inc.	0,9
Agilent Technologies Inc	Williams Cos.	-0,5
Agilent Technologies Inc	Wal-Mart Stores	0,7
Agilent Technologies Inc	WestRock Company	0,7
Agilent Technologies Inc	Western Union Co	0,3
Agilent Technologies Inc	Weyerhaeuser Corp.	0,4
Agilent Technologies Inc	Wynn Resorts Ltd	0,2
Agilent Technologies Inc	Cimarex Energy	-0,4
Agilent Technologies Inc	Xcel Energy Inc	0,8
Agilent Technologies Inc	Xilinx Inc	0,9
Agilent Technologies Inc	Exxon Mobil Corp.	-0,4
Agilent Technologies Inc	Dentsply Sirona	-0,1
Agilent Technologies Inc	Xerox Corp.	-0,1
Agilent Technologies Inc	Xylem Inc.	1,0
Agilent Technologies Inc	Yum! Brands Inc	0,9
Agilent Technologies Inc	Zimmer Biomet Holdings	0,6
Agilent Technologies Inc	Zions Bancorp	0,9
Agilent Technologies Inc	Dow Jones (Index)	1,0
Agilent Technologies Inc	Nasdaq (Index)	0,9
American Airlines Group	Advance Auto Parts	-0,3
American Airlines Group	Apple Inc.	0,3
American Airlines Group	AbbVie Inc.	0,4
American Airlines Group	AmerisourceBergen Corp	0,5
American Airlines Group	Abbott Laboratories	0,2
American Airlines Group	Accenture plc	0,2
American Airlines Group	Adobe Systems Inc	0,1
American Airlines Group	Analog Devices, Inc.	0,4
American Airlines Group	Archer-Daniels-Midland Co	0,1
American Airlines Group	Automatic Data Processing	0,2
American Airlines Group	Alliance Data Systems	0,3
American Airlines Group	Autodesk Inc.	0,3
American Airlines Group	Ameren Corp	0,2
American Airlines Group	American Electric Power	0,2
American Airlines Group	AES Corp	-0,4
American Airlines Group	AFLAC Inc	0,2
American Airlines Group	Allergan, Plc	0,1
American Airlines Group	American International Group, Inc.	0,5
American Airlines Group	Apartment Investment & Management	0,3
American Airlines Group	Assurant Inc.	0,2
American Airlines Group	Arthur J. Gallagher & Co.	0,2
American Airlines Group	Akamai Technologies Inc	0,2
American Airlines Group	Albemarle Corp	0,3
American Airlines Group	Align Technology	0,2
American Airlines Group	Alaska Air Group Inc	0,4
American Airlines Group	Allstate Corp	0,4
American Airlines Group	Allegion	0,3
American Airlines Group	Alexion Pharmaceuticals	0,0
American Airlines Group	Applied Materials Inc.	0,5
American Airlines Group	Advanced Micro Devices Inc	0,1
American Airlines Group	AMETEK Inc.	0,3
American Airlines Group	Affiliated Managers Group Inc	0,4
American Airlines Group	Amgen Inc.	0,3
American Airlines Group	Ameriprise Financial	0,6
American Airlines Group	American Tower Corp A	0,2
American Airlines Group	Amazon.com Inc.	0,1
American Airlines Group	ANSYS	0,2
American Airlines Group	Anthem Inc.	0,3
American Airlines Group	Aon plc	0,3
American Airlines Group	A.O. Smith Corp	0,4
American Airlines Group	Apache Corporation	-0,2
American Airlines Group	Anadarko Petroleum Corp	-0,1
American Airlines Group	Air Products & Chemicals Inc	0,4
American Airlines Group	Amphenol Corp	0,3
American Airlines Group	Aptiv Plc	0,4
American Airlines Group	Alexandria Real Estate Equities Inc	0,4
American Airlines Group	Arconic Inc.	0,2
American Airlines Group	Activision Blizzard	0,2
American Airlines Group	AvalonBay Communities, Inc.	0,3
American Airlines Group	Broadcom	0,4
American Airlines Group	Avery Dennison Corp	0,3
American Airlines Group	American Water Works Company Inc	0,1
American Airlines Group	American Express Co	0,2
American Airlines Group	Acuity Brands Inc	-0,0
American Airlines Group	AutoZone Inc	-0,1
American Airlines Group	Boeing Company	0,2
American Airlines Group	Bank of America Corp	0,4
American Airlines Group	Baxter International Inc.	0,2
American Airlines Group	BB&T Corporation	0,4
American Airlines Group	Best Buy Co. Inc.	0,3
American Airlines Group	Becton Dickinson	0,2
American Airlines Group	Franklin Resources	0,2
American Airlines Group	Baker Hughes, a GE Company	-0,1
American Airlines Group	Biogen Inc.	0,2
American Airlines Group	The Bank of New York Mellon Corp.	0,5
American Airlines Group	Booking Holdings Inc	0,3
American Airlines Group	BlackRock	0,5
American Airlines Group	Ball Corp	0,3
American Airlines Group	Bristol-Myers Squibb	0,1
American Airlines Group	Boston Scientific	0,1
American Airlines Group	Bitcoin	0,3
American Airlines Group	BorgWarner	0,3
American Airlines Group	Boston Properties	0,3
American Airlines Group	Citigroup Inc.	0,5
American Airlines Group	Conagra Brands	0,2
American Airlines Group	Cardinal Health Inc.	0,2
American Airlines Group	Caterpillar Inc.	0,3
American Airlines Group	Chubb Limited	0,4
American Airlines Group	Cboe Global Markets	0,4
American Airlines Group	CBRE Group	0,4
American Airlines Group	CBS Corp.	0,2
American Airlines Group	Crown Castle International Corp.	0,2
American Airlines Group	Carnival Corp.	0,5
American Airlines Group	Cadence Design Systems	0,2
American Airlines Group	Celgene Corp.	0,5
American Airlines Group	Cerner	0,5
American Airlines Group	CF Industries Holdings Inc	0,1
American Airlines Group	Citizens Financial Group	0,4
American Airlines Group	Church & Dwight	0,0
American Airlines Group	C. H. Robinson Worldwide	0,3
American Airlines Group	Charter Communications	0,4
American Airlines Group	CIGNA Corp.	0,3
American Airlines Group	Cincinnati Financial	0,2
American Airlines Group	Colgate-Palmolive	0,4
American Airlines Group	The Clorox Company	0,1
American Airlines Group	Comerica Inc.	0,3
American Airlines Group	Comcast Corp.	0,4
American Airlines Group	CME Group Inc.	0,2
American Airlines Group	Chipotle Mexican Grill	-0,1
American Airlines Group	Cummins Inc.	0,5
American Airlines Group	CMS Energy	0,2
American Airlines Group	Centene Corporation	0,2
American Airlines Group	CenterPoint Energy	0,2
American Airlines Group	Capital One Financial	0,5
American Airlines Group	Cabot Oil & Gas	-0,1
American Airlines Group	The Cooper Companies	0,3
American Airlines Group	ConocoPhillips	-0,1
American Airlines Group	Costco Wholesale Corp.	0,1
American Airlines Group	Coty, Inc	0,0
American Airlines Group	Campbell Soup	-0,0
American Airlines Group	Salesforce.com	0,1
American Airlines Group	Cisco Systems	0,2
American Airlines Group	CSX Corp.	0,3
American Airlines Group	Cintas Corporation	0,2
American Airlines Group	CenturyLink Inc	-0,2
American Airlines Group	Cognizant Technology Solutions	0,4
American Airlines Group	Citrix Systems	0,1
American Airlines Group	Chevron Corp.	0,1
American Airlines Group	Concho Resources	0,2
American Airlines Group	Dominion Energy	0,4
American Airlines Group	Delta Air Lines Inc.	0,6
American Airlines Group	Deere & Co.	0,4
American Airlines Group	Discover Financial Services	0,4
American Airlines Group	Dollar General	0,0
American Airlines Group	D. R. Horton	0,4
American Airlines Group	Danaher Corp.	0,2
American Airlines Group	The Walt Disney Company	0,3
American Airlines Group	Discovery Inc. Class A	-0,4
American Airlines Group	Discovery Inc. Class C	-0,3
American Airlines Group	Dish Network	0,3
American Airlines Group	Digital Realty Trust Inc	0,2
American Airlines Group	Dollar Tree	0,3
American Airlines Group	Dover Corp.	0,2
American Airlines Group	Duke Realty Corp	0,2
American Airlines Group	Darden Restaurants	0,2
American Airlines Group	DTE Energy Co.	0,3
American Airlines Group	Duke Energy	0,2
American Airlines Group	DaVita Inc.	0,0
American Airlines Group	Devon Energy Corp.	-0,1
American Airlines Group	DowDuPont	0,4
American Airlines Group	DXC Technology	0,3
American Airlines Group	Electronic Arts	0,3
American Airlines Group	eBay Inc.	0,5
American Airlines Group	Ecolab Inc.	0,1
American Airlines Group	Consolidated Edison	0,3
American Airlines Group	Equifax Inc.	0,2
American Airlines Group	Edison Int'l	0,3
American Airlines Group	Estee Lauder Cos.	0,2
American Airlines Group	Eastman Chemical	0,3
American Airlines Group	Emerson Electric Company	0,1
American Airlines Group	EOG Resources	0,1
American Airlines Group	Equinix	0,3
American Airlines Group	Equity Residential	0,2
American Airlines Group	EQT Corporation	-0,2
American Airlines Group	Eversource Energy	0,3
American Airlines Group	Essex Property Trust, Inc.	0,4
American Airlines Group	E*Trade	0,3
American Airlines Group	Ethereum	0,5
American Airlines Group	Eaton Corporation	0,3
American Airlines Group	Entergy Corp.	0,2
American Airlines Group	Edwards Lifesciences	0,1
American Airlines Group	Exelon Corp.	0,1
American Airlines Group	Expeditors International	0,2
American Airlines Group	Expedia Inc.	0,3
American Airlines Group	Extra Space Storage	0,1
American Airlines Group	Ford Motor	-0,0
American Airlines Group	Fastenal Co	0,1
American Airlines Group	Facebook, Inc.	0,3
American Airlines Group	Fortune Brands Home & Security	0,4
American Airlines Group	Freeport-McMoRan Inc.	-0,1
American Airlines Group	FedEx Corporation	0,5
American Airlines Group	FirstEnergy Corp	-0,1
American Airlines Group	F5 Networks	0,1
American Airlines Group	Fidelity National Information Services	0,2
American Airlines Group	Fiserv Inc	0,2
American Airlines Group	Fifth Third Bancorp	0,4
American Airlines Group	Foot Locker Inc	-0,0
American Airlines Group	FLIR Systems	0,2
American Airlines Group	Fluor Corp.	-0,2
American Airlines Group	Flowserve Corporation	-0,3
American Airlines Group	FMC Corporation	0,3
American Airlines Group	Twenty-First Century Fox Class B	-0,1
American Airlines Group	Twenty-First Century Fox Class A	-0,1
American Airlines Group	Federal Realty Investment Trust	-0,1
American Airlines Group	TechnipFMC	-0,1
American Airlines Group	Fortive Corp	0,2
American Airlines Group	General Dynamics	0,5
American Airlines Group	General Electric	-0,1
American Airlines Group	Gilead Sciences	0,0
American Airlines Group	General Mills	0,0
American Airlines Group	Corning Inc.	0,4
American Airlines Group	General Motors	0,5
American Airlines Group	Alphabet Inc Class C	0,2
American Airlines Group	Alphabet Inc Class A	0,2
American Airlines Group	Genuine Parts	0,1
American Airlines Group	Global Payments Inc.	0,2
American Airlines Group	Gap Inc.	0,1
American Airlines Group	Garmin Ltd.	0,2
American Airlines Group	Goldman Sachs Group	0,6
American Airlines Group	Goodyear Tire & Rubber	0,5
American Airlines Group	Grainger (W.W.) Inc.	-0,2
American Airlines Group	Halliburton Co.	-0,0
American Airlines Group	Hasbro Inc.	0,2
American Airlines Group	Huntington Bancshares	0,5
American Airlines Group	Hanesbrands Inc	0,1
American Airlines Group	HCA Holdings	0,0
American Airlines Group	HCP Inc.	-0,1
American Airlines Group	Home Depot	0,3
American Airlines Group	Hess Corporation	-0,3
American Airlines Group	Hartford Financial Svc.Gp.	0,5
American Airlines Group	Huntington Ingalls Industries	0,3
American Airlines Group	Hilton Worldwide Holdings Inc	0,4
American Airlines Group	Harley-Davidson	0,1
American Airlines Group	Hologic	0,3
American Airlines Group	Honeywell Int'l Inc.	0,3
American Airlines Group	Helmerich & Payne	-0,2
American Airlines Group	Hewlett Packard Enterprise	0,4
American Airlines Group	HP Inc.	0,3
American Airlines Group	Block H&R	0,2
American Airlines Group	Hormel Foods Corp.	-0,1
American Airlines Group	Harris Corporation	0,3
American Airlines Group	Henry Schein	0,1
American Airlines Group	Host Hotels & Resorts	0,3
American Airlines Group	The Hershey Company	0,3
American Airlines Group	Humana Inc.	0,2
American Airlines Group	International Business Machines	-0,0
American Airlines Group	Intercontinental Exchange	0,2
American Airlines Group	IDEXX Laboratories	0,2
American Airlines Group	Intl Flavors & Fragrances	0,3
American Airlines Group	Illumina Inc	0,1
American Airlines Group	Incyte	0,5
American Airlines Group	IHS Markit Ltd.	0,1
American Airlines Group	Intel Corp.	0,3
American Airlines Group	Intuit Inc.	0,1
American Airlines Group	International Paper	0,7
American Airlines Group	Interpublic Group	0,2
American Airlines Group	IPG Photonics Corp.	0,4
American Airlines Group	IQVIA Holdings Inc.	0,2
American Airlines Group	Ingersoll-Rand PLC	0,3
American Airlines Group	Iron Mountain Incorporated	0,3
American Airlines Group	Intuitive Surgical Inc.	0,1
American Airlines Group	Gartner Inc	0,2
American Airlines Group	Illinois Tool Works	0,5
American Airlines Group	Invesco Ltd.	0,4
American Airlines Group	J. B. Hunt Transport Services	0,3
American Airlines Group	Johnson Controls International	-0,0
American Airlines Group	Jacobs Engineering Group	-0,1
American Airlines Group	Johnson & Johnson	0,3
American Airlines Group	Juniper Networks	0,3
American Airlines Group	JPMorgan Chase & Co.	0,3
American Airlines Group	Nordstrom	0,1
American Airlines Group	Kellogg Co.	-0,2
American Airlines Group	KeyCorp	0,5
American Airlines Group	Kraft Heinz Co	0,2
American Airlines Group	Kimco Realty	-0,2
American Airlines Group	KLA-Tencor Corp.	0,3
American Airlines Group	Kimberly-Clark	0,0
American Airlines Group	Kinder Morgan	0,0
American Airlines Group	Carmax Inc	0,5
American Airlines Group	Coca-Cola Company (The)	0,1
American Airlines Group	Kroger Co.	-0,0
American Airlines Group	Kohl's Corp.	0,1
American Airlines Group	Kansas City Southern	0,2
American Airlines Group	Loews Corp.	0,3
American Airlines Group	L Brands Inc.	0,0
American Airlines Group	Leggett & Platt	0,4
American Airlines Group	Lennar Corp.	0,6
American Airlines Group	Laboratory Corp. of America Holding	0,3
American Airlines Group	LKQ Corporation	0,3
American Airlines Group	L-3 Communications Holdings	0,3
American Airlines Group	Lilly (Eli) & Co.	0,0
American Airlines Group	Lockheed Martin Corp.	0,3
American Airlines Group	Lincoln National	0,6
American Airlines Group	Alliant Energy Corp	0,2
American Airlines Group	Lowe's Cos.	0,2
American Airlines Group	Lam Research	0,4
American Airlines Group	Southwest Airlines	0,5
American Airlines Group	LyondellBasell	0,3
American Airlines Group	Macy's Inc.	-0,2
American Airlines Group	Mastercard Inc.	0,1
American Airlines Group	Mid-America Apartments	0,1
American Airlines Group	Macerich	0,0
American Airlines Group	Marriott Int'l.	0,5
American Airlines Group	Masco Corp.	0,4
American Airlines Group	Mattel Inc.	-0,4
American Airlines Group	McDonald's Corp.	0,2
American Airlines Group	Microchip Technology	0,4
American Airlines Group	McKesson Corp.	0,1
American Airlines Group	Moody's Corp	0,3
American Airlines Group	Mondelez International	0,2
American Airlines Group	Medtronic plc	0,1
American Airlines Group	MetLife Inc.	0,5
American Airlines Group	MGM Resorts International	0,4
American Airlines Group	Mohawk Industries	0,6
American Airlines Group	McCormick & Co.	-0,1
American Airlines Group	Martin Marietta Materials	0,3
American Airlines Group	Marsh & McLennan	0,3
American Airlines Group	3M Company	0,5
American Airlines Group	Monster Beverage	0,3
American Airlines Group	Altria Group Inc	0,4
American Airlines Group	The Mosaic Company	-0,1
American Airlines Group	Marathon Petroleum	0,3
American Airlines Group	Merck & Co.	-0,0
American Airlines Group	Marathon Oil Corp.	-0,2
American Airlines Group	Morgan Stanley	0,6
American Airlines Group	Microsoft Corp.	0,2
American Airlines Group	Motorola Solutions Inc.	0,1
American Airlines Group	M&T Bank Corp.	0,5
American Airlines Group	Mettler Toledo	0,4
American Airlines Group	Micron Technology	0,4
American Airlines Group	Mylan N.V.	0,1
American Airlines Group	Navient	0,3
American Airlines Group	Noble Energy Inc	-0,2
American Airlines Group	Norwegian Cruise Line	0,5
American Airlines Group	Nasdaq, Inc.	0,2
American Airlines Group	NextEra Energy	0,2
American Airlines Group	Newmont Mining Corporation	0,1
American Airlines Group	Netflix Inc.	0,1
American Airlines Group	NiSource Inc.	0,1
American Airlines Group	Nike	0,1
American Airlines Group	Nektar Therapeutics	0,3
American Airlines Group	Nielsen Holdings	-0,2
American Airlines Group	Northrop Grumman Corp.	0,3
American Airlines Group	National Oilwell Varco Inc.	-0,2
American Airlines Group	NRG Energy	-0,0
American Airlines Group	Norfolk Southern Corp.	0,2
American Airlines Group	NetApp	0,1
American Airlines Group	Northern Trust Corp.	0,4
American Airlines Group	Nucor Corp.	0,3
American Airlines Group	Nvidia Corporation	0,3
American Airlines Group	Newell Brands	0,1
American Airlines Group	News Corp. Class B	0,2
American Airlines Group	News Corp. Class A	0,2
American Airlines Group	Realty Income Corporation	-0,1
American Airlines Group	ONEOK	-0,0
American Airlines Group	Omnicom Group	0,1
American Airlines Group	Oracle Corp.	0,5
American Airlines Group	O'Reilly Automotive	-0,1
American Airlines Group	Occidental Petroleum	-0,4
American Airlines Group	Paychex Inc.	0,2
American Airlines Group	People's United Financial	0,5
American Airlines Group	PACCAR Inc.	0,6
American Airlines Group	PG&E Corp.	0,2
American Airlines Group	Public Serv. Enterprise Inc.	0,2
American Airlines Group	PepsiCo Inc.	0,3
American Airlines Group	Pfizer Inc.	-0,0
American Airlines Group	Principal Financial Group	0,7
American Airlines Group	Procter & Gamble	0,2
American Airlines Group	Progressive Corp.	0,2
American Airlines Group	Parker-Hannifin	0,4
American Airlines Group	Pulte Homes Inc.	0,4
American Airlines Group	Packaging Corporation of America	0,5
American Airlines Group	PerkinElmer	0,2
American Airlines Group	Prologis	0,3
American Airlines Group	Philip Morris International	0,3
American Airlines Group	PNC Financial Services	0,5
American Airlines Group	Pentair Ltd.	0,1
American Airlines Group	Pinnacle West Capital	0,3
American Airlines Group	PPL Corp.	0,1
American Airlines Group	Perrigo	-0,0
American Airlines Group	Prudential Financial	0,6
American Airlines Group	Public Storage	-0,0
American Airlines Group	Phillips 66	0,1
American Airlines Group	PVH Corp.	0,2
American Airlines Group	Quanta Services Inc.	0,3
American Airlines Group	Pioneer Natural Resources	-0,1
American Airlines Group	PayPal	0,2
American Airlines Group	QUALCOMM Inc.	-0,1
American Airlines Group	Qorvo	0,4
American Airlines Group	Royal Caribbean Cruises Ltd	0,5
American Airlines Group	Everest Re Group Ltd.	0,5
American Airlines Group	Regency Centers Corporation	-0,0
American Airlines Group	Regeneron	0,3
American Airlines Group	Regions Financial Corp.	0,3
American Airlines Group	Robert Half International	0,3
American Airlines Group	Red Hat Inc.	0,2
American Airlines Group	Raymond James Financial Inc.	0,4
American Airlines Group	Polo Ralph Lauren Corp.	-0,2
American Airlines Group	ResMed	0,2
American Airlines Group	Rockwell Automation Inc.	0,4
American Airlines Group	Roper Technologies	0,3
American Airlines Group	Ross Stores	0,2
American Airlines Group	Range Resources Corp.	-0,3
American Airlines Group	Republic Services Inc	0,2
American Airlines Group	Raytheon Co.	0,3
American Airlines Group	SBA Communications	0,4
American Airlines Group	Starbucks Corp.	0,2
American Airlines Group	Charles Schwab Corporation	0,4
American Airlines Group	Sealed Air	0,4
American Airlines Group	Sherwin-Williams	0,3
American Airlines Group	SVB Financial	0,2
American Airlines Group	JM Smucker	0,1
American Airlines Group	Schlumberger Ltd.	-0,1
American Airlines Group	SL Green Realty	0,3
American Airlines Group	Snap-On Inc.	0,3
American Airlines Group	Synopsys Inc.	0,3
American Airlines Group	Southern Co.	0,1
American Airlines Group	Simon Property Group Inc	-0,2
American Airlines Group	S&P Global, Inc.	0,3
American Airlines Group	Stericycle Inc	-0,1
American Airlines Group	Sempra Energy	0,3
American Airlines Group	SunTrust Banks	0,4
American Airlines Group	State Street Corp.	0,6
American Airlines Group	Seagate Technology	0,2
American Airlines Group	Constellation Brands	0,3
American Airlines Group	Stanley Black & Decker	0,4
American Airlines Group	Skyworks Solutions	0,6
American Airlines Group	Synchrony Financial	0,6
American Airlines Group	Stryker Corp.	0,2
American Airlines Group	Symantec Corp.	0,6
American Airlines Group	Sysco Corp.	0,1
American Airlines Group	AT&T Inc.	0,1
American Airlines Group	Molson Coors Brewing Company	0,2
American Airlines Group	TransDigm Group	0,1
American Airlines Group	TE Connectivity Ltd.	0,5
American Airlines Group	Target Corp.	-0,0
American Airlines Group	Tiffany & Co.	0,2
American Airlines Group	TJX Companies Inc.	-0,1
American Airlines Group	Torchmark Corp.	0,3
American Airlines Group	Thermo Fisher Scientific	0,2
American Airlines Group	Tapestry, Inc.	0,1
American Airlines Group	TripAdvisor	-0,4
American Airlines Group	T. Rowe Price Group	0,2
American Airlines Group	The Travelers Companies Inc.	0,4
American Airlines Group	Tractor Supply Company	-0,3
American Airlines Group	Tyson Foods	0,2
American Airlines Group	Total System Services	0,2
American Airlines Group	Take-Two Interactive	0,2
American Airlines Group	Texas Instruments	0,3
American Airlines Group	Textron Inc.	0,3
American Airlines Group	Under Armour Class A	-0,3
American Airlines Group	United Continental Holdings	0,4
American Airlines Group	UDR Inc	0,2
American Airlines Group	Universal Health Services, Inc.	0,0
American Airlines Group	Ulta Beauty	0,1
American Airlines Group	United Health Group Inc.	0,2
American Airlines Group	Unum Group	0,6
American Airlines Group	Union Pacific	0,3
American Airlines Group	United Parcel Service	0,4
American Airlines Group	United Rentals, Inc.	0,4
American Airlines Group	U.S. Bancorp	0,5
American Airlines Group	United Technologies	0,3
American Airlines Group	Visa Inc.	0,2
American Airlines Group	Varian Medical Systems	0,3
American Airlines Group	V.F. Corp.	0,1
American Airlines Group	Viacom Inc.	-0,2
American Airlines Group	Valero Energy	0,2
American Airlines Group	Vulcan Materials	0,3
American Airlines Group	Vornado Realty Trust	0,3
American Airlines Group	Verisk Analytics	0,1
American Airlines Group	Verisign Inc.	0,1
American Airlines Group	Vertex Pharmaceuticals Inc	0,3
American Airlines Group	Ventas Inc	0,0
American Airlines Group	Verizon Communications	-0,3
American Airlines Group	Waters Corporation	0,3
American Airlines Group	Walgreens Boots Alliance	0,2
American Airlines Group	Western Digital	0,5
American Airlines Group	Wec Energy Group Inc	0,1
American Airlines Group	Welltower Inc.	0,1
American Airlines Group	Wells Fargo	0,6
American Airlines Group	Whirlpool Corp.	0,5
American Airlines Group	Willis Towers Watson	0,4
American Airlines Group	Waste Management Inc.	0,3
American Airlines Group	Williams Cos.	0,1
American Airlines Group	Wal-Mart Stores	0,3
American Airlines Group	WestRock Company	0,7
American Airlines Group	Western Union Co	0,4
American Airlines Group	Weyerhaeuser Corp.	0,5
American Airlines Group	Wynn Resorts Ltd	0,0
American Airlines Group	Cimarex Energy	0,1
American Airlines Group	Xcel Energy Inc	0,2
American Airlines Group	Xilinx Inc	0,2
American Airlines Group	Exxon Mobil Corp.	-0,3
American Airlines Group	Dentsply Sirona	0,4
American Airlines Group	Xerox Corp.	0,4
American Airlines Group	Xylem Inc.	0,2
American Airlines Group	Yum! Brands Inc	0,2
American Airlines Group	Zimmer Biomet Holdings	0,3
American Airlines Group	Zions Bancorp	0,3
American Airlines Group	Dow Jones (Index)	0,3
American Airlines Group	Nasdaq (Index)	0,3
Advance Auto Parts	Apple Inc.	-0,1
Advance Auto Parts	AbbVie Inc.	-0,3
Advance Auto Parts	AmerisourceBergen Corp	0,4
Advance Auto Parts	Abbott Laboratories	-0,1
Advance Auto Parts	Accenture plc	-0,2
Advance Auto Parts	Adobe Systems Inc	-0,2
Advance Auto Parts	Analog Devices, Inc.	-0,3
Advance Auto Parts	Archer-Daniels-Midland Co	0,2
Advance Auto Parts	Automatic Data Processing	-0,1
Advance Auto Parts	Alliance Data Systems	0,1
Advance Auto Parts	Autodesk Inc.	-0,3
Advance Auto Parts	Ameren Corp	-0,2
Advance Auto Parts	American Electric Power	-0,2
Advance Auto Parts	AES Corp	0,1
Advance Auto Parts	AFLAC Inc	-0,3
Advance Auto Parts	Allergan, Plc	0,5
Advance Auto Parts	American International Group, Inc.	-0,0
Advance Auto Parts	Apartment Investment & Management	0,1
Advance Auto Parts	Assurant Inc.	-0,1
Advance Auto Parts	Arthur J. Gallagher & Co.	-0,3
Advance Auto Parts	Akamai Technologies Inc	0,4
Advance Auto Parts	Albemarle Corp	-0,6
Advance Auto Parts	Align Technology	-0,3
Advance Auto Parts	Alaska Air Group Inc	0,3
Advance Auto Parts	Allstate Corp	-0,4
Advance Auto Parts	Allegion	-0,2
Advance Auto Parts	Alexion Pharmaceuticals	0,3
Advance Auto Parts	Applied Materials Inc.	-0,5
Advance Auto Parts	Advanced Micro Devices Inc	-0,1
Advance Auto Parts	AMETEK Inc.	-0,3
Advance Auto Parts	Affiliated Managers Group Inc	-0,3
Advance Auto Parts	Amgen Inc.	0,0
Advance Auto Parts	Ameriprise Financial	-0,5
Advance Auto Parts	American Tower Corp A	-0,3
Advance Auto Parts	Amazon.com Inc.	-0,1
Advance Auto Parts	ANSYS	-0,3
Advance Auto Parts	Anthem Inc.	-0,1
Advance Auto Parts	Aon plc	-0,3
Advance Auto Parts	A.O. Smith Corp	-0,3
Advance Auto Parts	Apache Corporation	-0,1
Advance Auto Parts	Anadarko Petroleum Corp	0,1
Advance Auto Parts	Air Products & Chemicals Inc	-0,1
Advance Auto Parts	Amphenol Corp	-0,3
Advance Auto Parts	Aptiv Plc	-0,3
Advance Auto Parts	Alexandria Real Estate Equities Inc	-0,2
Advance Auto Parts	Arconic Inc.	-0,2
Advance Auto Parts	Activision Blizzard	-0,3
Advance Auto Parts	AvalonBay Communities, Inc.	0,2
Advance Auto Parts	Broadcom	-0,3
Advance Auto Parts	Avery Dennison Corp	-0,3
Advance Auto Parts	American Water Works Company Inc	-0,2
Advance Auto Parts	American Express Co	-0,4
Advance Auto Parts	Acuity Brands Inc	0,4
Advance Auto Parts	AutoZone Inc	0,6
Advance Auto Parts	Boeing Company	-0,3
Advance Auto Parts	Bank of America Corp	-0,3
Advance Auto Parts	Baxter International Inc.	-0,4
Advance Auto Parts	BB&T Corporation	-0,3
Advance Auto Parts	Best Buy Co. Inc.	-0,3
Advance Auto Parts	Becton Dickinson	-0,2
Advance Auto Parts	Franklin Resources	-0,2
Advance Auto Parts	Baker Hughes, a GE Company	0,2
Advance Auto Parts	Biogen Inc.	0,1
Advance Auto Parts	The Bank of New York Mellon Corp.	-0,3
Advance Auto Parts	Booking Holdings Inc	-0,4
Advance Auto Parts	BlackRock	-0,4
Advance Auto Parts	Ball Corp	0,0
Advance Auto Parts	Bristol-Myers Squibb	0,2
Advance Auto Parts	Boston Scientific	-0,1
Advance Auto Parts	Bitcoin	-0,5
Advance Auto Parts	BorgWarner	-0,4
Advance Auto Parts	Boston Properties	0,3
Advance Auto Parts	Citigroup Inc.	-0,4
Advance Auto Parts	Conagra Brands	0,1
Advance Auto Parts	Cardinal Health Inc.	0,4
Advance Auto Parts	Caterpillar Inc.	-0,5
Advance Auto Parts	Chubb Limited	-0,3
Advance Auto Parts	Cboe Global Markets	-0,4
Advance Auto Parts	CBRE Group	-0,2
Advance Auto Parts	CBS Corp.	-0,3
Advance Auto Parts	Crown Castle International Corp.	-0,2
Advance Auto Parts	Carnival Corp.	-0,3
Advance Auto Parts	Cadence Design Systems	-0,3
Advance Auto Parts	Celgene Corp.	0,1
Advance Auto Parts	Cerner	-0,2
Advance Auto Parts	CF Industries Holdings Inc	0,2
Advance Auto Parts	Citizens Financial Group	-0,5
Advance Auto Parts	Church & Dwight	0,2
Advance Auto Parts	C. H. Robinson Worldwide	-0,0
Advance Auto Parts	Charter Communications	-0,3
Advance Auto Parts	CIGNA Corp.	-0,1
Advance Auto Parts	Cincinnati Financial	-0,1
Advance Auto Parts	Colgate-Palmolive	-0,3
Advance Auto Parts	The Clorox Company	0,1
Advance Auto Parts	Comerica Inc.	-0,4
Advance Auto Parts	Comcast Corp.	-0,2
Advance Auto Parts	CME Group Inc.	-0,1
Advance Auto Parts	Chipotle Mexican Grill	0,5
Advance Auto Parts	Cummins Inc.	-0,6
Advance Auto Parts	CMS Energy	-0,1
Advance Auto Parts	Centene Corporation	-0,0
Advance Auto Parts	CenterPoint Energy	-0,5
Advance Auto Parts	Capital One Financial	-0,2
Advance Auto Parts	Cabot Oil & Gas	-0,3
Advance Auto Parts	The Cooper Companies	-0,3
Advance Auto Parts	ConocoPhillips	-0,1
Advance Auto Parts	Costco Wholesale Corp.	0,1
Advance Auto Parts	Coty, Inc	0,4
Advance Auto Parts	Campbell Soup	0,3
Advance Auto Parts	Salesforce.com	-0,1
Advance Auto Parts	Cisco Systems	-0,1
Advance Auto Parts	CSX Corp.	-0,2
Advance Auto Parts	Cintas Corporation	-0,1
Advance Auto Parts	CenturyLink Inc	0,3
Advance Auto Parts	Cognizant Technology Solutions	-0,2
Advance Auto Parts	Citrix Systems	-0,1
Advance Auto Parts	Chevron Corp.	-0,5
Advance Auto Parts	Concho Resources	-0,3
Advance Auto Parts	Dominion Energy	-0,2
Advance Auto Parts	Delta Air Lines Inc.	0,0
Advance Auto Parts	Deere & Co.	-0,4
Advance Auto Parts	Discover Financial Services	-0,2
Advance Auto Parts	Dollar General	0,1
Advance Auto Parts	D. R. Horton	-0,3
Advance Auto Parts	Danaher Corp.	-0,1
Advance Auto Parts	The Walt Disney Company	0,4
Advance Auto Parts	Discovery Inc. Class A	0,1
Advance Auto Parts	Discovery Inc. Class C	0,2
Advance Auto Parts	Dish Network	0,1
Advance Auto Parts	Digital Realty Trust Inc	-0,2
Advance Auto Parts	Dollar Tree	-0,1
Advance Auto Parts	Dover Corp.	-0,5
Advance Auto Parts	Duke Realty Corp	-0,1
Advance Auto Parts	Darden Restaurants	-0,1
Advance Auto Parts	DTE Energy Co.	-0,2
Advance Auto Parts	Duke Energy	-0,2
Advance Auto Parts	DaVita Inc.	0,4
Advance Auto Parts	Devon Energy Corp.	-0,0
Advance Auto Parts	DowDuPont	-0,5
Advance Auto Parts	DXC Technology	-0,4
Advance Auto Parts	Electronic Arts	-0,2
Advance Auto Parts	eBay Inc.	-0,4
Advance Auto Parts	Ecolab Inc.	-0,1
Advance Auto Parts	Consolidated Edison	-0,2
Advance Auto Parts	Equifax Inc.	0,1
Advance Auto Parts	Edison Int'l	-0,1
Advance Auto Parts	Estee Lauder Cos.	-0,2
Advance Auto Parts	Eastman Chemical	-0,5
Advance Auto Parts	Emerson Electric Company	-0,5
Advance Auto Parts	EOG Resources	-0,3
Advance Auto Parts	Equinix	-0,2
Advance Auto Parts	Equity Residential	0,5
Advance Auto Parts	EQT Corporation	-0,1
Advance Auto Parts	Eversource Energy	-0,1
Advance Auto Parts	Essex Property Trust, Inc.	-0,0
Advance Auto Parts	E*Trade	-0,2
Advance Auto Parts	Ethereum	-0,6
Advance Auto Parts	Eaton Corporation	-0,5
Advance Auto Parts	Entergy Corp.	-0,1
Advance Auto Parts	Edwards Lifesciences	-0,0
Advance Auto Parts	Exelon Corp.	-0,2
Advance Auto Parts	Expeditors International	-0,1
Advance Auto Parts	Expedia Inc.	0,0
Advance Auto Parts	Extra Space Storage	0,1
Advance Auto Parts	Ford Motor	0,0
Advance Auto Parts	Fastenal Co	-0,2
Advance Auto Parts	Facebook, Inc.	-0,3
Advance Auto Parts	Fortune Brands Home & Security	-0,3
Advance Auto Parts	Freeport-McMoRan Inc.	-0,3
Advance Auto Parts	FedEx Corporation	-0,3
Advance Auto Parts	FirstEnergy Corp	0,3
Advance Auto Parts	F5 Networks	0,1
Advance Auto Parts	Fidelity National Information Services	-0,2
Advance Auto Parts	Fiserv Inc	-0,1
Advance Auto Parts	Fifth Third Bancorp	-0,4
Advance Auto Parts	Foot Locker Inc	0,7
Advance Auto Parts	FLIR Systems	-0,3
Advance Auto Parts	Fluor Corp.	-0,2
Advance Auto Parts	Flowserve Corporation	-0,1
Advance Auto Parts	FMC Corporation	-0,7
Advance Auto Parts	Twenty-First Century Fox Class B	0,1
Advance Auto Parts	Twenty-First Century Fox Class A	0,1
Advance Auto Parts	Federal Realty Investment Trust	0,5
Advance Auto Parts	TechnipFMC	-0,1
Advance Auto Parts	Fortive Corp	-0,3
Advance Auto Parts	General Dynamics	-0,3
Advance Auto Parts	General Electric	0,2
Advance Auto Parts	Gilead Sciences	0,4
Advance Auto Parts	General Mills	0,3
Advance Auto Parts	Corning Inc.	-0,3
Advance Auto Parts	General Motors	-0,6
Advance Auto Parts	Alphabet Inc Class C	-0,2
Advance Auto Parts	Alphabet Inc Class A	-0,2
Advance Auto Parts	Genuine Parts	0,4
Advance Auto Parts	Global Payments Inc.	-0,2
Advance Auto Parts	Gap Inc.	-0,1
Advance Auto Parts	Garmin Ltd.	-0,4
Advance Auto Parts	Goldman Sachs Group	-0,3
Advance Auto Parts	Goodyear Tire & Rubber	-0,0
Advance Auto Parts	Grainger (W.W.) Inc.	0,2
Advance Auto Parts	Halliburton Co.	-0,3
Advance Auto Parts	Hasbro Inc.	-0,1
Advance Auto Parts	Huntington Bancshares	-0,2
Advance Auto Parts	Hanesbrands Inc	0,4
Advance Auto Parts	HCA Holdings	0,2
Advance Auto Parts	HCP Inc.	0,3
Advance Auto Parts	Home Depot	-0,1
Advance Auto Parts	Hess Corporation	0,0
Advance Auto Parts	Hartford Financial Svc.Gp.	-0,2
Advance Auto Parts	Huntington Ingalls Industries	-0,3
Advance Auto Parts	Hilton Worldwide Holdings Inc	-0,3
Advance Auto Parts	Harley-Davidson	-0,0
Advance Auto Parts	Hologic	0,2
Advance Auto Parts	Honeywell Int'l Inc.	-0,3
Advance Auto Parts	Helmerich & Payne	-0,1
Advance Auto Parts	Hewlett Packard Enterprise	-0,4
Advance Auto Parts	HP Inc.	-0,3
Advance Auto Parts	Block H&R	0,1
Advance Auto Parts	Hormel Foods Corp.	0,3
Advance Auto Parts	Harris Corporation	-0,3
Advance Auto Parts	Henry Schein	0,2
Advance Auto Parts	Host Hotels & Resorts	-0,2
Advance Auto Parts	The Hershey Company	-0,3
Advance Auto Parts	Humana Inc.	-0,1
Advance Auto Parts	International Business Machines	-0,2
Advance Auto Parts	Intercontinental Exchange	-0,2
Advance Auto Parts	IDEXX Laboratories	-0,2
Advance Auto Parts	Intl Flavors & Fragrances	-0,2
Advance Auto Parts	Illumina Inc	0,0
Advance Auto Parts	Incyte	0,1
Advance Auto Parts	IHS Markit Ltd.	-0,3
Advance Auto Parts	Intel Corp.	-0,2
Advance Auto Parts	Intuit Inc.	-0,1
Advance Auto Parts	International Paper	-0,5
Advance Auto Parts	Interpublic Group	0,3
Advance Auto Parts	IPG Photonics Corp.	-0,5
Advance Auto Parts	IQVIA Holdings Inc.	-0,1
Advance Auto Parts	Ingersoll-Rand PLC	-0,3
Advance Auto Parts	Iron Mountain Incorporated	-0,1
Advance Auto Parts	Intuitive Surgical Inc.	-0,2
Advance Auto Parts	Gartner Inc	-0,1
Advance Auto Parts	Illinois Tool Works	-0,4
Advance Auto Parts	Invesco Ltd.	-0,3
Advance Auto Parts	J. B. Hunt Transport Services	-0,3
Advance Auto Parts	Johnson Controls International	-0,0
Advance Auto Parts	Jacobs Engineering Group	-0,3
Advance Auto Parts	Johnson & Johnson	-0,3
Advance Auto Parts	Juniper Networks	0,1
Advance Auto Parts	JPMorgan Chase & Co.	-0,3
Advance Auto Parts	Nordstrom	0,3
Advance Auto Parts	Kellogg Co.	0,4
Advance Auto Parts	KeyCorp	-0,3
Advance Auto Parts	Kraft Heinz Co	-0,0
Advance Auto Parts	Kimco Realty	0,5
Advance Auto Parts	KLA-Tencor Corp.	-0,5
Advance Auto Parts	Kimberly-Clark	0,2
Advance Auto Parts	Kinder Morgan	0,1
Advance Auto Parts	Carmax Inc	-0,0
Advance Auto Parts	Coca-Cola Company (The)	-0,1
Advance Auto Parts	Kroger Co.	0,8
Advance Auto Parts	Kohl's Corp.	0,1
Advance Auto Parts	Kansas City Southern	-0,4
Advance Auto Parts	Loews Corp.	-0,5
Advance Auto Parts	L Brands Inc.	0,5
Advance Auto Parts	Leggett & Platt	0,2
Advance Auto Parts	Lennar Corp.	-0,3
Advance Auto Parts	Laboratory Corp. of America Holding	-0,2
Advance Auto Parts	LKQ Corporation	-0,4
Advance Auto Parts	L-3 Communications Holdings	-0,3
Advance Auto Parts	Lilly (Eli) & Co.	0,3
Advance Auto Parts	Lockheed Martin Corp.	-0,2
Advance Auto Parts	Lincoln National	-0,4
Advance Auto Parts	Alliant Energy Corp	-0,2
Advance Auto Parts	Lowe's Cos.	0,1
Advance Auto Parts	Lam Research	-0,5
Advance Auto Parts	Southwest Airlines	-0,1
Advance Auto Parts	LyondellBasell	-0,3
Advance Auto Parts	Macy's Inc.	0,4
Advance Auto Parts	Mastercard Inc.	-0,2
Advance Auto Parts	Mid-America Apartments	-0,0
Advance Auto Parts	Macerich	0,5
Advance Auto Parts	Marriott Int'l.	-0,3
Advance Auto Parts	Masco Corp.	-0,3
Advance Auto Parts	Mattel Inc.	0,1
Advance Auto Parts	McDonald's Corp.	-0,3
Advance Auto Parts	Microchip Technology	-0,5
Advance Auto Parts	McKesson Corp.	0,2
Advance Auto Parts	Moody's Corp	-0,2
Advance Auto Parts	Mondelez International	0,3
Advance Auto Parts	Medtronic plc	0,2
Advance Auto Parts	MetLife Inc.	-0,4
Advance Auto Parts	MGM Resorts International	-0,6
Advance Auto Parts	Mohawk Industries	-0,4
Advance Auto Parts	McCormick & Co.	0,1
Advance Auto Parts	Martin Marietta Materials	-0,1
Advance Auto Parts	Marsh & McLennan	-0,3
Advance Auto Parts	3M Company	-0,4
Advance Auto Parts	Monster Beverage	-0,0
Advance Auto Parts	Altria Group Inc	0,0
Advance Auto Parts	The Mosaic Company	0,2
Advance Auto Parts	Marathon Petroleum	-0,2
Advance Auto Parts	Merck & Co.	0,1
Advance Auto Parts	Marathon Oil Corp.	-0,1
Advance Auto Parts	Morgan Stanley	-0,4
Advance Auto Parts	Microsoft Corp.	-0,2
Advance Auto Parts	Motorola Solutions Inc.	-0,1
Advance Auto Parts	M&T Bank Corp.	-0,3
Advance Auto Parts	Mettler Toledo	-0,4
Advance Auto Parts	Micron Technology	-0,5
Advance Auto Parts	Mylan N.V.	0,2
Advance Auto Parts	Navient	0,1
Advance Auto Parts	Noble Energy Inc	-0,1
Advance Auto Parts	Norwegian Cruise Line	0,1
Advance Auto Parts	Nasdaq, Inc.	-0,1
Advance Auto Parts	NextEra Energy	-0,2
Advance Auto Parts	Newmont Mining Corporation	-0,4
Advance Auto Parts	Netflix Inc.	-0,1
Advance Auto Parts	NiSource Inc.	-0,1
Advance Auto Parts	Nike	0,2
Advance Auto Parts	Nektar Therapeutics	-0,3
Advance Auto Parts	Nielsen Holdings	0,2
Advance Auto Parts	Northrop Grumman Corp.	-0,3
Advance Auto Parts	National Oilwell Varco Inc.	-0,1
Advance Auto Parts	NRG Energy	-0,3
Advance Auto Parts	Norfolk Southern Corp.	-0,3
Advance Auto Parts	NetApp	-0,2
Advance Auto Parts	Northern Trust Corp.	-0,3
Advance Auto Parts	Nucor Corp.	-0,3
Advance Auto Parts	Nvidia Corporation	-0,4
Advance Auto Parts	Newell Brands	0,2
Advance Auto Parts	News Corp. Class B	-0,5
Advance Auto Parts	News Corp. Class A	-0,4
Advance Auto Parts	Realty Income Corporation	0,2
Advance Auto Parts	ONEOK	-0,4
Advance Auto Parts	Omnicom Group	0,2
Advance Auto Parts	Oracle Corp.	-0,4
Advance Auto Parts	O'Reilly Automotive	0,5
Advance Auto Parts	Occidental Petroleum	-0,0
Advance Auto Parts	Paychex Inc.	-0,0
Advance Auto Parts	People's United Financial	-0,2
Advance Auto Parts	PACCAR Inc.	-0,4
Advance Auto Parts	PG&E Corp.	0,0
Advance Auto Parts	Public Serv. Enterprise Inc.	-0,1
Advance Auto Parts	PepsiCo Inc.	-0,1
Advance Auto Parts	Pfizer Inc.	0,1
Advance Auto Parts	Principal Financial Group	-0,5
Advance Auto Parts	Procter & Gamble	-0,2
Advance Auto Parts	Progressive Corp.	-0,2
Advance Auto Parts	Parker-Hannifin	-0,5
Advance Auto Parts	Pulte Homes Inc.	-0,5
Advance Auto Parts	Packaging Corporation of America	-0,5
Advance Auto Parts	PerkinElmer	-0,2
Advance Auto Parts	Prologis	-0,3
Advance Auto Parts	Philip Morris International	-0,4
Advance Auto Parts	PNC Financial Services	-0,4
Advance Auto Parts	Pentair Ltd.	-0,6
Advance Auto Parts	Pinnacle West Capital	-0,2
Advance Auto Parts	PPL Corp.	-0,0
Advance Auto Parts	Perrigo	0,2
Advance Auto Parts	Prudential Financial	-0,5
Advance Auto Parts	Public Storage	0,4
Advance Auto Parts	Phillips 66	-0,2
Advance Auto Parts	PVH Corp.	-0,5
Advance Auto Parts	Quanta Services Inc.	-0,5
Advance Auto Parts	Pioneer Natural Resources	-0,3
Advance Auto Parts	PayPal	-0,5
Advance Auto Parts	QUALCOMM Inc.	-0,1
Advance Auto Parts	Qorvo	-0,4
Advance Auto Parts	Royal Caribbean Cruises Ltd	-0,2
Advance Auto Parts	Everest Re Group Ltd.	-0,3
Advance Auto Parts	Regency Centers Corporation	0,4
Advance Auto Parts	Regeneron	0,3
Advance Auto Parts	Regions Financial Corp.	-0,3
Advance Auto Parts	Robert Half International	0,1
Advance Auto Parts	Red Hat Inc.	-0,2
Advance Auto Parts	Raymond James Financial Inc.	-0,3
Advance Auto Parts	Polo Ralph Lauren Corp.	0,1
Advance Auto Parts	ResMed	-0,1
Advance Auto Parts	Rockwell Automation Inc.	-0,5
Advance Auto Parts	Roper Technologies	-0,2
Advance Auto Parts	Ross Stores	0,1
Advance Auto Parts	Range Resources Corp.	-0,0
Advance Auto Parts	Republic Services Inc	-0,2
Advance Auto Parts	Raytheon Co.	-0,3
Advance Auto Parts	SBA Communications	-0,3
Advance Auto Parts	Starbucks Corp.	0,2
Advance Auto Parts	Charles Schwab Corporation	-0,3
Advance Auto Parts	Sealed Air	0,3
Advance Auto Parts	Sherwin-Williams	-0,2
Advance Auto Parts	SVB Financial	-0,2
Advance Auto Parts	JM Smucker	0,3
Advance Auto Parts	Schlumberger Ltd.	0,0
Advance Auto Parts	SL Green Realty	0,4
Advance Auto Parts	Snap-On Inc.	0,3
Advance Auto Parts	Synopsys Inc.	-0,3
Advance Auto Parts	Southern Co.	0,0
Advance Auto Parts	Simon Property Group Inc	0,7
Advance Auto Parts	S&P Global, Inc.	-0,2
Advance Auto Parts	Stericycle Inc	0,3
Advance Auto Parts	Sempra Energy	-0,2
Advance Auto Parts	SunTrust Banks	-0,3
Advance Auto Parts	State Street Corp.	-0,5
Advance Auto Parts	Seagate Technology	-0,1
Advance Auto Parts	Constellation Brands	-0,2
Advance Auto Parts	Stanley Black & Decker	-0,4
Advance Auto Parts	Skyworks Solutions	-0,1
Advance Auto Parts	Synchrony Financial	-0,1
Advance Auto Parts	Stryker Corp.	-0,2
Advance Auto Parts	Symantec Corp.	-0,5
Advance Auto Parts	Sysco Corp.	-0,1
Advance Auto Parts	AT&T Inc.	-0,0
Advance Auto Parts	Molson Coors Brewing Company	0,2
Advance Auto Parts	TransDigm Group	0,0
Advance Auto Parts	TE Connectivity Ltd.	-0,4
Advance Auto Parts	Target Corp.	0,6
Advance Auto Parts	Tiffany & Co.	-0,2
Advance Auto Parts	TJX Companies Inc.	0,3
Advance Auto Parts	Torchmark Corp.	-0,3
Advance Auto Parts	Thermo Fisher Scientific	-0,2
Advance Auto Parts	Tapestry, Inc.	-0,5
Advance Auto Parts	TripAdvisor	0,3
Advance Auto Parts	T. Rowe Price Group	-0,3
Advance Auto Parts	The Travelers Companies Inc.	-0,2
Advance Auto Parts	Tractor Supply Company	0,7
Advance Auto Parts	Tyson Foods	-0,2
Advance Auto Parts	Total System Services	-0,1
Advance Auto Parts	Take-Two Interactive	-0,3
Advance Auto Parts	Texas Instruments	-0,3
Advance Auto Parts	Textron Inc.	-0,2
Advance Auto Parts	Under Armour Class A	0,7
Advance Auto Parts	United Continental Holdings	0,1
Advance Auto Parts	UDR Inc	0,1
Advance Auto Parts	Universal Health Services, Inc.	0,5
Advance Auto Parts	Ulta Beauty	0,1
Advance Auto Parts	United Health Group Inc.	-0,2
Advance Auto Parts	Unum Group	-0,6
Advance Auto Parts	Union Pacific	-0,1
Advance Auto Parts	United Parcel Service	-0,2
Advance Auto Parts	United Rentals, Inc.	-0,5
Advance Auto Parts	U.S. Bancorp	-0,3
Advance Auto Parts	United Technologies	-0,4
Advance Auto Parts	Visa Inc.	-0,1
Advance Auto Parts	Varian Medical Systems	-0,4
Advance Auto Parts	V.F. Corp.	0,1
Advance Auto Parts	Viacom Inc.	0,0
Advance Auto Parts	Valero Energy	-0,2
Advance Auto Parts	Vulcan Materials	-0,1
Advance Auto Parts	Vornado Realty Trust	0,4
Advance Auto Parts	Verisk Analytics	0,0
Advance Auto Parts	Verisign Inc.	-0,1
Advance Auto Parts	Vertex Pharmaceuticals Inc	-0,2
Advance Auto Parts	Ventas Inc	0,0
Advance Auto Parts	Verizon Communications	0,2
Advance Auto Parts	Waters Corporation	-0,3
Advance Auto Parts	Walgreens Boots Alliance	0,6
Advance Auto Parts	Western Digital	-0,4
Advance Auto Parts	Wec Energy Group Inc	-0,1
Advance Auto Parts	Welltower Inc.	0,3
Advance Auto Parts	Wells Fargo	-0,0
Advance Auto Parts	Whirlpool Corp.	0,0
Advance Auto Parts	Willis Towers Watson	-0,4
Advance Auto Parts	Waste Management Inc.	-0,2
Advance Auto Parts	Williams Cos.	0,0
Advance Auto Parts	Wal-Mart Stores	-0,4
Advance Auto Parts	WestRock Company	-0,5
Advance Auto Parts	Western Union Co	0,2
Advance Auto Parts	Weyerhaeuser Corp.	-0,4
Advance Auto Parts	Wynn Resorts Ltd	-0,6
Advance Auto Parts	Cimarex Energy	0,0
Advance Auto Parts	Xcel Energy Inc	-0,2
Advance Auto Parts	Xilinx Inc	-0,3
Advance Auto Parts	Exxon Mobil Corp.	-0,1
Advance Auto Parts	Dentsply Sirona	-0,1
Advance Auto Parts	Xerox Corp.	-0,3
Advance Auto Parts	Xylem Inc.	-0,3
Advance Auto Parts	Yum! Brands Inc	-0,3
Advance Auto Parts	Zimmer Biomet Holdings	-0,0
Advance Auto Parts	Zions Bancorp	-0,4
Advance Auto Parts	Dow Jones (Index)	-0,3
Advance Auto Parts	Nasdaq (Index)	-0,2
Apple Inc.	AbbVie Inc.	0,9
Apple Inc.	AmerisourceBergen Corp	0,3
Apple Inc.	Abbott Laboratories	0,9
Apple Inc.	Accenture plc	0,9
Apple Inc.	Adobe Systems Inc	0,9
Apple Inc.	Analog Devices, Inc.	0,9
Apple Inc.	Archer-Daniels-Midland Co	0,2
Apple Inc.	Automatic Data Processing	0,9
Apple Inc.	Alliance Data Systems	-0,3
Apple Inc.	Autodesk Inc.	0,9
Apple Inc.	Ameren Corp	0,8
Apple Inc.	American Electric Power	0,7
Apple Inc.	AES Corp	-0,0
Apple Inc.	AFLAC Inc	0,9
Apple Inc.	Allergan, Plc	-0,5
Apple Inc.	American International Group, Inc.	0,0
Apple Inc.	Apartment Investment & Management	0,6
Apple Inc.	Assurant Inc.	0,7
Apple Inc.	Arthur J. Gallagher & Co.	0,9
Apple Inc.	Akamai Technologies Inc	0,4
Apple Inc.	Albemarle Corp	0,7
Apple Inc.	Align Technology	0,9
Apple Inc.	Alaska Air Group Inc	0,3
Apple Inc.	Allstate Corp	0,9
Apple Inc.	Allegion	0,9
Apple Inc.	Alexion Pharmaceuticals	-0,5
Apple Inc.	Applied Materials Inc.	0,8
Apple Inc.	Advanced Micro Devices Inc	0,8
Apple Inc.	AMETEK Inc.	0,9
Apple Inc.	Affiliated Managers Group Inc	-0,3
Apple Inc.	Amgen Inc.	0,9
Apple Inc.	Ameriprise Financial	0,7
Apple Inc.	American Tower Corp A	0,9
Apple Inc.	Amazon.com Inc.	0,9
Apple Inc.	ANSYS	0,9
Apple Inc.	Anthem Inc.	1,0
Apple Inc.	Aon plc	0,9
Apple Inc.	A.O. Smith Corp	0,8
Apple Inc.	Apache Corporation	-0,6
Apple Inc.	Anadarko Petroleum Corp	-0,4
Apple Inc.	Air Products & Chemicals Inc	0,9
Apple Inc.	Amphenol Corp	0,9
Apple Inc.	Aptiv Plc	0,9
Apple Inc.	Alexandria Real Estate Equities Inc	0,9
Apple Inc.	Arconic Inc.	-0,3
Apple Inc.	Activision Blizzard	0,9
Apple Inc.	AvalonBay Communities, Inc.	0,5
Apple Inc.	Broadcom	0,8
Apple Inc.	Avery Dennison Corp	0,9
Apple Inc.	American Water Works Company Inc	0,8
Apple Inc.	American Express Co	0,6
Apple Inc.	Acuity Brands Inc	-0,3
Apple Inc.	AutoZone Inc	0,3
Apple Inc.	Boeing Company	0,9
Apple Inc.	Bank of America Corp	0,9
Apple Inc.	Baxter International Inc.	0,9
Apple Inc.	BB&T Corporation	0,8
Apple Inc.	Best Buy Co. Inc.	0,9
Apple Inc.	Becton Dickinson	0,9
Apple Inc.	Franklin Resources	-0,5
Apple Inc.	Baker Hughes, a GE Company	-0,7
Apple Inc.	Biogen Inc.	0,1
Apple Inc.	The Bank of New York Mellon Corp.	0,9
Apple Inc.	Booking Holdings Inc	0,8
Apple Inc.	BlackRock	0,8
Apple Inc.	Ball Corp	0,8
Apple Inc.	Bristol-Myers Squibb	0,0
Apple Inc.	Boston Scientific	0,9
Apple Inc.	Bitcoin	0,8
Apple Inc.	BorgWarner	-0,1
Apple Inc.	Boston Properties	0,1
Apple Inc.	Citigroup Inc.	0,9
Apple Inc.	Conagra Brands	0,6
Apple Inc.	Cardinal Health Inc.	-0,6
Apple Inc.	Caterpillar Inc.	0,8
Apple Inc.	Chubb Limited	0,7
Apple Inc.	Cboe Global Markets	0,9
Apple Inc.	CBRE Group	0,9
Apple Inc.	CBS Corp.	-0,0
Apple Inc.	Crown Castle International Corp.	0,9
Apple Inc.	Carnival Corp.	0,8
Apple Inc.	Cadence Design Systems	0,9
Apple Inc.	Celgene Corp.	-0,0
Apple Inc.	Cerner	0,4
Apple Inc.	CF Industries Holdings Inc	-0,0
Apple Inc.	Citizens Financial Group	0,8
Apple Inc.	Church & Dwight	0,8
Apple Inc.	C. H. Robinson Worldwide	0,9
Apple Inc.	Charter Communications	0,8
Apple Inc.	CIGNA Corp.	0,9
Apple Inc.	Cincinnati Financial	0,7
Apple Inc.	Colgate-Palmolive	0,1
Apple Inc.	The Clorox Company	0,7
Apple Inc.	Comerica Inc.	0,9
Apple Inc.	Comcast Corp.	0,7
Apple Inc.	CME Group Inc.	0,9
Apple Inc.	Chipotle Mexican Grill	-0,4
Apple Inc.	Cummins Inc.	0,5
Apple Inc.	CMS Energy	0,8
Apple Inc.	Centene Corporation	0,9
Apple Inc.	CenterPoint Energy	0,6
Apple Inc.	Capital One Financial	0,8
Apple Inc.	Cabot Oil & Gas	-0,4
Apple Inc.	The Cooper Companies	0,9
Apple Inc.	ConocoPhillips	0,1
Apple Inc.	Costco Wholesale Corp.	0,9
Apple Inc.	Coty, Inc	-0,5
Apple Inc.	Campbell Soup	-0,4
Apple Inc.	Salesforce.com	0,9
Apple Inc.	Cisco Systems	0,9
Apple Inc.	CSX Corp.	0,9
Apple Inc.	Cintas Corporation	0,9
Apple Inc.	CenturyLink Inc	-0,7
Apple Inc.	Cognizant Technology Solutions	0,8
Apple Inc.	Citrix Systems	0,9
Apple Inc.	Chevron Corp.	0,3
Apple Inc.	Concho Resources	0,5
Apple Inc.	Dominion Energy	0,2
Apple Inc.	Delta Air Lines Inc.	0,8
Apple Inc.	Deere & Co.	0,9
Apple Inc.	Discover Financial Services	0,7
Apple Inc.	Dollar General	0,8
Apple Inc.	D. R. Horton	0,8
Apple Inc.	Danaher Corp.	0,9
Apple Inc.	The Walt Disney Company	0,7
Apple Inc.	Discovery Inc. Class A	-0,5
Apple Inc.	Discovery Inc. Class C	-0,6
Apple Inc.	Dish Network	-0,6
Apple Inc.	Digital Realty Trust Inc	0,8
Apple Inc.	Dollar Tree	0,6
Apple Inc.	Dover Corp.	0,7
Apple Inc.	Duke Realty Corp	0,8
Apple Inc.	Darden Restaurants	0,9
Apple Inc.	DTE Energy Co.	0,8
Apple Inc.	Duke Energy	0,5
Apple Inc.	DaVita Inc.	-0,2
Apple Inc.	Devon Energy Corp.	-0,4
Apple Inc.	DowDuPont	0,8
Apple Inc.	DXC Technology	0,9
Apple Inc.	Electronic Arts	0,9
Apple Inc.	eBay Inc.	0,8
Apple Inc.	Ecolab Inc.	0,9
Apple Inc.	Consolidated Edison	0,7
Apple Inc.	Equifax Inc.	0,5
Apple Inc.	Edison Int'l	0,3
Apple Inc.	Estee Lauder Cos.	0,9
Apple Inc.	Eastman Chemical	0,6
Apple Inc.	Emerson Electric Company	0,5
Apple Inc.	EOG Resources	0,6
Apple Inc.	Equinix	0,8
Apple Inc.	Equity Residential	-0,1
Apple Inc.	EQT Corporation	-0,8
Apple Inc.	Eversource Energy	0,7
Apple Inc.	Essex Property Trust, Inc.	0,7
Apple Inc.	E*Trade	0,9
Apple Inc.	Ethereum	0,6
Apple Inc.	Eaton Corporation	0,6
Apple Inc.	Entergy Corp.	0,5
Apple Inc.	Edwards Lifesciences	0,8
Apple Inc.	Exelon Corp.	0,8
Apple Inc.	Expeditors International	0,9
Apple Inc.	Expedia Inc.	0,6
Apple Inc.	Extra Space Storage	0,6
Apple Inc.	Ford Motor	-0,7
Apple Inc.	Fastenal Co	0,6
Apple Inc.	Facebook, Inc.	0,8
Apple Inc.	Fortune Brands Home & Security	0,4
Apple Inc.	Freeport-McMoRan Inc.	-0,4
Apple Inc.	FedEx Corporation	0,9
Apple Inc.	FirstEnergy Corp	0,2
Apple Inc.	F5 Networks	0,8
Apple Inc.	Fidelity National Information Services	0,9
Apple Inc.	Fiserv Inc	0,9
Apple Inc.	Fifth Third Bancorp	0,8
Apple Inc.	Foot Locker Inc	-0,3
Apple Inc.	FLIR Systems	0,9
Apple Inc.	Fluor Corp.	-0,5
Apple Inc.	Flowserve Corporation	-0,5
Apple Inc.	FMC Corporation	0,6
Apple Inc.	Twenty-First Century Fox Class B	0,6
Apple Inc.	Twenty-First Century Fox Class A	0,6
Apple Inc.	Federal Realty Investment Trust	-0,3
Apple Inc.	TechnipFMC	-0,5
Apple Inc.	Fortive Corp	1,0
Apple Inc.	General Dynamics	0,8
Apple Inc.	General Electric	-0,8
Apple Inc.	Gilead Sciences	-0,4
Apple Inc.	General Mills	-0,5
Apple Inc.	Corning Inc.	0,9
Apple Inc.	General Motors	0,5
Apple Inc.	Alphabet Inc Class C	0,9
Apple Inc.	Alphabet Inc Class A	0,9
Apple Inc.	Genuine Parts	0,3
Apple Inc.	Global Payments Inc.	0,9
Apple Inc.	Gap Inc.	-0,3
Apple Inc.	Garmin Ltd.	0,6
Apple Inc.	Goldman Sachs Group	0,8
Apple Inc.	Goodyear Tire & Rubber	-0,1
Apple Inc.	Grainger (W.W.) Inc.	0,4
Apple Inc.	Halliburton Co.	-0,3
Apple Inc.	Hasbro Inc.	0,7
Apple Inc.	Huntington Bancshares	0,9
Apple Inc.	Hanesbrands Inc	-0,4
Apple Inc.	HCA Holdings	0,9
Apple Inc.	HCP Inc.	-0,7
Apple Inc.	Home Depot	0,9
Apple Inc.	Hess Corporation	-0,4
Apple Inc.	Hartford Financial Svc.Gp.	0,8
Apple Inc.	Huntington Ingalls Industries	0,9
Apple Inc.	Hilton Worldwide Holdings Inc	0,9
Apple Inc.	Harley-Davidson	-0,6
Apple Inc.	Hologic	0,7
Apple Inc.	Honeywell Int'l Inc.	0,9
Apple Inc.	Helmerich & Payne	-0,4
Apple Inc.	Hewlett Packard Enterprise	0,8
Apple Inc.	HP Inc.	0,9
Apple Inc.	Block H&R	-0,3
Apple Inc.	Hormel Foods Corp.	0,5
Apple Inc.	Harris Corporation	0,9
Apple Inc.	Henry Schein	0,4
Apple Inc.	Host Hotels & Resorts	0,2
Apple Inc.	The Hershey Company	0,3
Apple Inc.	Humana Inc.	1,0
Apple Inc.	International Business Machines	-0,5
Apple Inc.	Intercontinental Exchange	0,9
Apple Inc.	IDEXX Laboratories	0,9
Apple Inc.	Intl Flavors & Fragrances	0,7
Apple Inc.	Illumina Inc	0,9
Apple Inc.	Incyte	0,2
Apple Inc.	IHS Markit Ltd.	0,9
Apple Inc.	Intel Corp.	0,9
Apple Inc.	Intuit Inc.	0,9
Apple Inc.	International Paper	0,5
Apple Inc.	Interpublic Group	0,4
Apple Inc.	IPG Photonics Corp.	0,8
Apple Inc.	IQVIA Holdings Inc.	0,9
Apple Inc.	Ingersoll-Rand PLC	0,9
Apple Inc.	Iron Mountain Incorporated	0,4
Apple Inc.	Intuitive Surgical Inc.	0,9
Apple Inc.	Gartner Inc	0,9
Apple Inc.	Illinois Tool Works	0,8
Apple Inc.	Invesco Ltd.	-0,4
Apple Inc.	J. B. Hunt Transport Services	0,9
Apple Inc.	Johnson Controls International	-0,6
Apple Inc.	Jacobs Engineering Group	0,6
Apple Inc.	Johnson & Johnson	0,8
Apple Inc.	Juniper Networks	0,5
Apple Inc.	JPMorgan Chase & Co.	0,9
Apple Inc.	Nordstrom	-0,3
Apple Inc.	Kellogg Co.	-0,1
Apple Inc.	KeyCorp	0,8
Apple Inc.	Kraft Heinz Co	-0,6
Apple Inc.	Kimco Realty	-0,7
Apple Inc.	KLA-Tencor Corp.	0,8
Apple Inc.	Kimberly-Clark	-0,0
Apple Inc.	Kinder Morgan	-0,5
Apple Inc.	Carmax Inc	0,8
Apple Inc.	Coca-Cola Company (The)	0,6
Apple Inc.	Kroger Co.	-0,2
Apple Inc.	Kohl's Corp.	0,4
Apple Inc.	Kansas City Southern	0,3
Apple Inc.	Loews Corp.	0,7
Apple Inc.	L Brands Inc.	-0,7
Apple Inc.	Leggett & Platt	0,3
Apple Inc.	Lennar Corp.	0,6
Apple Inc.	Laboratory Corp. of America Holding	0,9
Apple Inc.	LKQ Corporation	0,4
Apple Inc.	L-3 Communications Holdings	0,9
Apple Inc.	Lilly (Eli) & Co.	0,8
Apple Inc.	Lockheed Martin Corp.	0,9
Apple Inc.	Lincoln National	0,7
Apple Inc.	Alliant Energy Corp	0,8
Apple Inc.	Lowe's Cos.	0,9
Apple Inc.	Lam Research	0,9
Apple Inc.	Southwest Airlines	0,8
Apple Inc.	LyondellBasell	0,5
Apple Inc.	Macy's Inc.	-0,5
Apple Inc.	Mastercard Inc.	0,9
Apple Inc.	Mid-America Apartments	0,6
Apple Inc.	Macerich	-0,6
Apple Inc.	Marriott Int'l.	0,9
Apple Inc.	Masco Corp.	0,7
Apple Inc.	Mattel Inc.	-0,9
Apple Inc.	McDonald's Corp.	0,8
Apple Inc.	Microchip Technology	0,8
Apple Inc.	McKesson Corp.	-0,6
Apple Inc.	Moody's Corp	0,9
Apple Inc.	Mondelez International	0,4
Apple Inc.	Medtronic plc	0,8
Apple Inc.	MetLife Inc.	0,3
Apple Inc.	MGM Resorts International	0,6
Apple Inc.	Mohawk Industries	0,5
Apple Inc.	McCormick & Co.	0,8
Apple Inc.	Martin Marietta Materials	0,6
Apple Inc.	Marsh & McLennan	0,9
Apple Inc.	3M Company	0,8
Apple Inc.	Monster Beverage	0,8
Apple Inc.	Altria Group Inc	0,5
Apple Inc.	The Mosaic Company	-0,5
Apple Inc.	Marathon Petroleum	0,9
Apple Inc.	Merck & Co.	0,6
Apple Inc.	Marathon Oil Corp.	-0,4
Apple Inc.	Morgan Stanley	0,8
Apple Inc.	Microsoft Corp.	0,9
Apple Inc.	Motorola Solutions Inc.	0,9
Apple Inc.	M&T Bank Corp.	0,9
Apple Inc.	Mettler Toledo	0,9
Apple Inc.	Micron Technology	0,8
Apple Inc.	Mylan N.V.	-0,5
Apple Inc.	Navient	-0,3
Apple Inc.	Noble Energy Inc	-0,6
Apple Inc.	Norwegian Cruise Line	0,6
Apple Inc.	Nasdaq, Inc.	0,9
Apple Inc.	NextEra Energy	0,9
Apple Inc.	Newmont Mining Corporation	0,5
Apple Inc.	Netflix Inc.	0,9
Apple Inc.	NiSource Inc.	0,7
Apple Inc.	Nike	0,8
Apple Inc.	Nektar Therapeutics	0,7
Apple Inc.	Nielsen Holdings	-0,9
Apple Inc.	Northrop Grumman Corp.	0,8
Apple Inc.	National Oilwell Varco Inc.	-0,4
Apple Inc.	NRG Energy	0,4
Apple Inc.	Norfolk Southern Corp.	0,9
Apple Inc.	NetApp	0,9
Apple Inc.	Northern Trust Corp.	0,9
Apple Inc.	Nucor Corp.	0,7
Apple Inc.	Nvidia Corporation	0,9
Apple Inc.	Newell Brands	-0,4
Apple Inc.	News Corp. Class B	-0,0
Apple Inc.	News Corp. Class A	-0,1
Apple Inc.	Realty Income Corporation	0,3
Apple Inc.	ONEOK	0,4
Apple Inc.	Omnicom Group	-0,1
Apple Inc.	Oracle Corp.	0,8
Apple Inc.	O'Reilly Automotive	0,6
Apple Inc.	Occidental Petroleum	-0,3
Apple Inc.	Paychex Inc.	0,9
Apple Inc.	People's United Financial	0,7
Apple Inc.	PACCAR Inc.	0,4
Apple Inc.	PG&E Corp.	-0,2
Apple Inc.	Public Serv. Enterprise Inc.	0,9
Apple Inc.	PepsiCo Inc.	0,7
Apple Inc.	Pfizer Inc.	0,8
Apple Inc.	Principal Financial Group	0,6
Apple Inc.	Procter & Gamble	0,2
Apple Inc.	Progressive Corp.	0,9
Apple Inc.	Parker-Hannifin	0,8
Apple Inc.	Pulte Homes Inc.	0,8
Apple Inc.	Packaging Corporation of America	0,8
Apple Inc.	PerkinElmer	0,9
Apple Inc.	Prologis	0,9
Apple Inc.	Philip Morris International	0,2
Apple Inc.	PNC Financial Services	0,9
Apple Inc.	Pentair Ltd.	0,0
Apple Inc.	Pinnacle West Capital	0,7
Apple Inc.	PPL Corp.	-0,2
Apple Inc.	Perrigo	-0,6
Apple Inc.	Prudential Financial	0,6
Apple Inc.	Public Storage	0,1
Apple Inc.	Phillips 66	0,8
Apple Inc.	PVH Corp.	0,6
Apple Inc.	Quanta Services Inc.	0,4
Apple Inc.	Pioneer Natural Resources	-0,0
Apple Inc.	PayPal	0,9
Apple Inc.	QUALCOMM Inc.	-0,2
Apple Inc.	Qorvo	0,7
Apple Inc.	Royal Caribbean Cruises Ltd	0,9
Apple Inc.	Everest Re Group Ltd.	0,8
Apple Inc.	Regency Centers Corporation	0,0
Apple Inc.	Regeneron	0,0
Apple Inc.	Regions Financial Corp.	0,9
Apple Inc.	Robert Half International	0,7
Apple Inc.	Red Hat Inc.	0,9
Apple Inc.	Raymond James Financial Inc.	0,9
Apple Inc.	Polo Ralph Lauren Corp.	-0,3
Apple Inc.	ResMed	0,9
Apple Inc.	Rockwell Automation Inc.	0,9
Apple Inc.	Roper Technologies	1,0
Apple Inc.	Ross Stores	0,9
Apple Inc.	Range Resources Corp.	-0,8
Apple Inc.	Republic Services Inc	0,9
Apple Inc.	Raytheon Co.	0,9
Apple Inc.	SBA Communications	0,9
Apple Inc.	Starbucks Corp.	0,5
Apple Inc.	Charles Schwab Corporation	0,9
Apple Inc.	Sealed Air	0,1
Apple Inc.	Sherwin-Williams	0,9
Apple Inc.	SVB Financial	0,9
Apple Inc.	JM Smucker	-0,0
Apple Inc.	Schlumberger Ltd.	-0,7
Apple Inc.	SL Green Realty	-0,3
Apple Inc.	Snap-On Inc.	0,6
Apple Inc.	Synopsys Inc.	0,9
Apple Inc.	Southern Co.	0,0
Apple Inc.	Simon Property Group Inc	-0,2
Apple Inc.	S&P Global, Inc.	0,9
Apple Inc.	Stericycle Inc	-0,7
Apple Inc.	Sempra Energy	0,7
Apple Inc.	SunTrust Banks	0,9
Apple Inc.	State Street Corp.	0,7
Apple Inc.	Seagate Technology	0,1
Apple Inc.	Constellation Brands	0,8
Apple Inc.	Stanley Black & Decker	0,8
Apple Inc.	Skyworks Solutions	0,7
Apple Inc.	Synchrony Financial	0,4
Apple Inc.	Stryker Corp.	0,9
Apple Inc.	Symantec Corp.	0,3
Apple Inc.	Sysco Corp.	0,9
Apple Inc.	AT&T Inc.	-0,2
Apple Inc.	Molson Coors Brewing Company	-0,2
Apple Inc.	TransDigm Group	0,9
Apple Inc.	TE Connectivity Ltd.	0,9
Apple Inc.	Target Corp.	0,3
Apple Inc.	Tiffany & Co.	0,7
Apple Inc.	TJX Companies Inc.	0,8
Apple Inc.	Torchmark Corp.	0,9
Apple Inc.	Thermo Fisher Scientific	0,9
Apple Inc.	Tapestry, Inc.	0,4
Apple Inc.	TripAdvisor	-0,7
Apple Inc.	T. Rowe Price Group	0,8
Apple Inc.	The Travelers Companies Inc.	0,8
Apple Inc.	Tractor Supply Company	-0,0
Apple Inc.	Tyson Foods	0,5
Apple Inc.	Total System Services	0,9
Apple Inc.	Take-Two Interactive	0,9
Apple Inc.	Texas Instruments	0,9
Apple Inc.	Textron Inc.	0,9
Apple Inc.	Under Armour Class A	-0,6
Apple Inc.	United Continental Holdings	0,8
Apple Inc.	UDR Inc	0,7
Apple Inc.	Universal Health Services, Inc.	0,3
Apple Inc.	Ulta Beauty	0,6
Apple Inc.	United Health Group Inc.	0,9
Apple Inc.	Unum Group	0,5
Apple Inc.	Union Pacific	0,9
Apple Inc.	United Parcel Service	0,7
Apple Inc.	United Rentals, Inc.	0,8
Apple Inc.	U.S. Bancorp	0,8
Apple Inc.	United Technologies	0,7
Apple Inc.	Visa Inc.	0,9
Apple Inc.	Varian Medical Systems	0,9
Apple Inc.	V.F. Corp.	0,7
Apple Inc.	Viacom Inc.	-0,7
Apple Inc.	Valero Energy	0,9
Apple Inc.	Vulcan Materials	0,6
Apple Inc.	Vornado Realty Trust	-0,3
Apple Inc.	Verisk Analytics	0,9
Apple Inc.	Verisign Inc.	0,9
Apple Inc.	Vertex Pharmaceuticals Inc	0,9
Apple Inc.	Ventas Inc	-0,5
Apple Inc.	Verizon Communications	0,3
Apple Inc.	Waters Corporation	0,9
Apple Inc.	Walgreens Boots Alliance	-0,1
Apple Inc.	Western Digital	-0,0
Apple Inc.	Wec Energy Group Inc	0,7
Apple Inc.	Welltower Inc.	-0,1
Apple Inc.	Wells Fargo	0,6
Apple Inc.	Whirlpool Corp.	-0,2
Apple Inc.	Willis Towers Watson	0,9
Apple Inc.	Waste Management Inc.	0,9
Apple Inc.	Williams Cos.	-0,3
Apple Inc.	Wal-Mart Stores	0,7
Apple Inc.	WestRock Company	0,6
Apple Inc.	Western Union Co	0,4
Apple Inc.	Weyerhaeuser Corp.	0,4
Apple Inc.	Wynn Resorts Ltd	-0,0
Apple Inc.	Cimarex Energy	-0,5
Apple Inc.	Xcel Energy Inc	0,8
Apple Inc.	Xilinx Inc	0,8
Apple Inc.	Exxon Mobil Corp.	-0,6
Apple Inc.	Dentsply Sirona	-0,2
Apple Inc.	Xerox Corp.	-0,1
Apple Inc.	Xylem Inc.	0,9
Apple Inc.	Yum! Brands Inc	0,9
Apple Inc.	Zimmer Biomet Holdings	0,6
Apple Inc.	Zions Bancorp	0,9
Apple Inc.	Dow Jones (Index)	0,9
Apple Inc.	Nasdaq (Index)	1,0
AbbVie Inc.	AmerisourceBergen Corp	0,2
AbbVie Inc.	Abbott Laboratories	0,9
AbbVie Inc.	Accenture plc	0,9
AbbVie Inc.	Adobe Systems Inc	0,9
AbbVie Inc.	Analog Devices, Inc.	0,9
AbbVie Inc.	Archer-Daniels-Midland Co	0,1
AbbVie Inc.	Automatic Data Processing	0,8
AbbVie Inc.	Alliance Data Systems	-0,3
AbbVie Inc.	Autodesk Inc.	0,9
AbbVie Inc.	Ameren Corp	0,8
AbbVie Inc.	American Electric Power	0,7
AbbVie Inc.	AES Corp	-0,1
AbbVie Inc.	AFLAC Inc	0,9
AbbVie Inc.	Allergan, Plc	-0,6
AbbVie Inc.	American International Group, Inc.	0,0
AbbVie Inc.	Apartment Investment & Management	0,5
AbbVie Inc.	Assurant Inc.	0,6
AbbVie Inc.	Arthur J. Gallagher & Co.	0,9
AbbVie Inc.	Akamai Technologies Inc	0,4
AbbVie Inc.	Albemarle Corp	0,7
AbbVie Inc.	Align Technology	0,9
AbbVie Inc.	Alaska Air Group Inc	0,1
AbbVie Inc.	Allstate Corp	0,9
AbbVie Inc.	Allegion	0,8
AbbVie Inc.	Alexion Pharmaceuticals	-0,5
AbbVie Inc.	Applied Materials Inc.	0,9
AbbVie Inc.	Advanced Micro Devices Inc	0,7
AbbVie Inc.	AMETEK Inc.	0,9
AbbVie Inc.	Affiliated Managers Group Inc	-0,1
AbbVie Inc.	Amgen Inc.	0,8
AbbVie Inc.	Ameriprise Financial	0,8
AbbVie Inc.	American Tower Corp A	0,9
AbbVie Inc.	Amazon.com Inc.	0,9
AbbVie Inc.	ANSYS	0,9
AbbVie Inc.	Anthem Inc.	0,9
AbbVie Inc.	Aon plc	0,9
AbbVie Inc.	A.O. Smith Corp	0,8
AbbVie Inc.	Apache Corporation	-0,6
AbbVie Inc.	Anadarko Petroleum Corp	-0,3
AbbVie Inc.	Air Products & Chemicals Inc	0,9
AbbVie Inc.	Amphenol Corp	0,9
AbbVie Inc.	Aptiv Plc	0,9
AbbVie Inc.	Alexandria Real Estate Equities Inc	0,8
AbbVie Inc.	Arconic Inc.	-0,3
AbbVie Inc.	Activision Blizzard	0,9
AbbVie Inc.	AvalonBay Communities, Inc.	0,3
AbbVie Inc.	Broadcom	0,8
AbbVie Inc.	Avery Dennison Corp	0,9
AbbVie Inc.	American Water Works Company Inc	0,7
AbbVie Inc.	American Express Co	0,6
AbbVie Inc.	Acuity Brands Inc	-0,3
AbbVie Inc.	AutoZone Inc	0,2
AbbVie Inc.	Boeing Company	0,9
AbbVie Inc.	Bank of America Corp	0,9
AbbVie Inc.	Baxter International Inc.	0,9
AbbVie Inc.	BB&T Corporation	0,9
AbbVie Inc.	Best Buy Co. Inc.	0,9
AbbVie Inc.	Becton Dickinson	0,9
AbbVie Inc.	Franklin Resources	-0,5
AbbVie Inc.	Baker Hughes, a GE Company	-0,8
AbbVie Inc.	Biogen Inc.	0,1
AbbVie Inc.	The Bank of New York Mellon Corp.	0,9
AbbVie Inc.	Booking Holdings Inc	0,8
AbbVie Inc.	BlackRock	0,9
AbbVie Inc.	Ball Corp	0,7
AbbVie Inc.	Bristol-Myers Squibb	0,1
AbbVie Inc.	Boston Scientific	0,8
AbbVie Inc.	Bitcoin	0,9
AbbVie Inc.	BorgWarner	-0,0
AbbVie Inc.	Boston Properties	0,0
AbbVie Inc.	Citigroup Inc.	0,9
AbbVie Inc.	Conagra Brands	0,5
AbbVie Inc.	Cardinal Health Inc.	-0,6
AbbVie Inc.	Caterpillar Inc.	0,9
AbbVie Inc.	Chubb Limited	0,7
AbbVie Inc.	Cboe Global Markets	0,9
AbbVie Inc.	CBRE Group	0,9
AbbVie Inc.	CBS Corp.	-0,1
AbbVie Inc.	Crown Castle International Corp.	0,9
AbbVie Inc.	Carnival Corp.	0,8
AbbVie Inc.	Cadence Design Systems	0,9
AbbVie Inc.	Celgene Corp.	-0,1
AbbVie Inc.	Cerner	0,4
AbbVie Inc.	CF Industries Holdings Inc	-0,1
AbbVie Inc.	Citizens Financial Group	0,8
AbbVie Inc.	Church & Dwight	0,6
AbbVie Inc.	C. H. Robinson Worldwide	0,8
AbbVie Inc.	Charter Communications	0,7
AbbVie Inc.	CIGNA Corp.	0,8
AbbVie Inc.	Cincinnati Financial	0,6
AbbVie Inc.	Colgate-Palmolive	0,2
AbbVie Inc.	The Clorox Company	0,6
AbbVie Inc.	Comerica Inc.	0,9
AbbVie Inc.	Comcast Corp.	0,6
AbbVie Inc.	CME Group Inc.	0,9
AbbVie Inc.	Chipotle Mexican Grill	-0,5
AbbVie Inc.	Cummins Inc.	0,5
AbbVie Inc.	CMS Energy	0,7
AbbVie Inc.	Centene Corporation	0,9
AbbVie Inc.	CenterPoint Energy	0,6
AbbVie Inc.	Capital One Financial	0,8
AbbVie Inc.	Cabot Oil & Gas	-0,3
AbbVie Inc.	The Cooper Companies	0,8
AbbVie Inc.	ConocoPhillips	0,1
AbbVie Inc.	Costco Wholesale Corp.	0,8
AbbVie Inc.	Coty, Inc	-0,4
AbbVie Inc.	Campbell Soup	-0,4
AbbVie Inc.	Salesforce.com	0,9
AbbVie Inc.	Cisco Systems	0,9
AbbVie Inc.	CSX Corp.	0,8
AbbVie Inc.	Cintas Corporation	0,9
AbbVie Inc.	CenturyLink Inc	-0,7
AbbVie Inc.	Cognizant Technology Solutions	0,9
AbbVie Inc.	Citrix Systems	0,8
AbbVie Inc.	Chevron Corp.	0,4
AbbVie Inc.	Concho Resources	0,6
AbbVie Inc.	Dominion Energy	0,2
AbbVie Inc.	Delta Air Lines Inc.	0,7
AbbVie Inc.	Deere & Co.	0,9
AbbVie Inc.	Discover Financial Services	0,8
AbbVie Inc.	Dollar General	0,8
AbbVie Inc.	D. R. Horton	0,9
AbbVie Inc.	Danaher Corp.	0,9
AbbVie Inc.	The Walt Disney Company	0,5
AbbVie Inc.	Discovery Inc. Class A	-0,6
AbbVie Inc.	Discovery Inc. Class C	-0,6
AbbVie Inc.	Dish Network	-0,6
AbbVie Inc.	Digital Realty Trust Inc	0,7
AbbVie Inc.	Dollar Tree	0,7
AbbVie Inc.	Dover Corp.	0,7
AbbVie Inc.	Duke Realty Corp	0,7
AbbVie Inc.	Darden Restaurants	0,8
AbbVie Inc.	DTE Energy Co.	0,7
AbbVie Inc.	Duke Energy	0,4
AbbVie Inc.	DaVita Inc.	-0,2
AbbVie Inc.	Devon Energy Corp.	-0,4
AbbVie Inc.	DowDuPont	0,8
AbbVie Inc.	DXC Technology	0,9
AbbVie Inc.	Electronic Arts	0,8
AbbVie Inc.	eBay Inc.	0,8
AbbVie Inc.	Ecolab Inc.	0,8
AbbVie Inc.	Consolidated Edison	0,6
AbbVie Inc.	Equifax Inc.	0,4
AbbVie Inc.	Edison Int'l	0,2
AbbVie Inc.	Estee Lauder Cos.	0,9
AbbVie Inc.	Eastman Chemical	0,7
